,AI_total,_id,barcode,by,create_time,el_no
0,2,5c6779e9d2d9ae00110c650f,5258,AI,1550285224.0324564,Line1
1,2,5c6779b8d2d9ae00110c6502,5254,AI,1550285164.0018897,Line1
2,2,5c6778c9d2d9ae00110c64c8,505242,AI,1550285001.7771416,Line2
3,2,5c677899d2d9ae00110c64bb,5240,AI,1550284953.8977623,Line1
4,2,5c677867d2d9ae00110c64ae,5237,AI,1550284908.8588426,Line1
5,2,5c6777b4d2d9ae00110c647c,5225,AI,1550284728.752063,Line1
6,2,5c67774ad2d9ae00110c645e,5218,AI,1550284623.6927857,Line1
7,2,5c6775f1d2d9ae00110c63fc,5195,AI,1550284278.4873981,Line1
8,2,5c6775b5d2d9ae00110c63eb,5191,AI,1550284218.4598484,Line1
9,2,5c67755bd2d9ae00110c63d1,5185,AI,1550284128.405511,Line1
10,2,5c677502d2d9ae00110c63b8,505178,AI,1550284041.2461095,Line2
11,2,5c6774e5d2d9ae00110c63b0,505176,AI,1550284011.2325275,Line2
12,2,5c6774ccd2d9ae00110c63a7,505174,AI,1550283981.209117,Line2
13,2,5c677491d2d9ae00110c6396,505170,AI,1550283921.172983,Line2
14,2,5c67745cd2d9ae00110c6389,5168,AI,1550283873.258307,Line1
15,2,5c677401d2d9ae00110c6370,505161,AI,1550283786.1070652,Line2
16,2,5c67737ad2d9ae00110c6349,5153,AI,1550283648.1159751,Line1
17,2,5c67734fd2d9ae00110c633d,505149,AI,1550283605.9856858,Line2
18,2,5c6772e4d2d9ae00110c631f,5143,AI,1550283497.9879837,Line1
19,2,5c677230d2d9ae00110c62ec,5131,AI,1550283317.869666,Line1
20,2,5c67718bd2d9ae00110c62bd,505119,AI,1550283155.7225683,Line2
21,2,5c677123d2d9ae00110c629f,505112,AI,1550283050.6464522,Line2
22,2,5c677060d2d9ae00110c6268,505099,AI,1550282855.4995294,Line2
23,2,5c677032d2d9ae00110c625b,5097,AI,1550282807.5471916,Line1
24,2,5c676f9cd2d9ae00110c6231,5087,AI,1550282657.449224,Line1
25,2,5c676f34d2d9ae00110c6213,505079,AI,1550282555.3236985,Line2
26,2,5c676ef7d2d9ae00110c6202,5076,AI,1550282492.3370814,Line1
27,2,5c676e8ed2d9ae00110c61e4,5069,AI,1550282387.2682161,Line1
28,2,5c676e24d2d9ae00110c61c7,5062,AI,1550282282.173984,Line1
29,2,5c676d1fd2d9ae00110c617a,505043,AI,1550282015.0243714,Line2
30,2,5c676d18d2d9ae00110c6178,5044,AI,1550282012.0216057,Line1
31,2,5c676cccd2d9ae00110c6165,505038,AI,1550281939.982511,Line2
32,2,5c676ca3d2d9ae00110c6158,5036,AI,1550281891.9221165,Line1
33,2,5c676c27d2d9ae00110c6136,505027,AI,1550281774.893097,Line2
34,2,5c676bf9d2d9ae00110c6129,505024,AI,1550281729.854744,Line2
35,2,5c676bead2d9ae00110c6125,5024,AI,1550281711.834072,Line1
36,2,5c676bdcd2d9ae00110c6121,505022,AI,1550281699.842162,Line2
37,2,5c676bc1d2d9ae00110c6119,5021,AI,1550281666.813486,Line1
38,2,5c676b73d2d9ae00110c6101,5016,AI,1550281591.7901459,Line1
39,2,5c676afbd2d9ae00110c60e1,505007,AI,1550281474.7185667,Line2
40,2,5c676ac1d2d9ae00110c60d0,505003,AI,1550281414.7004936,Line2
41,2,5c6769cfd2d9ae00110c608c,504987,AI,1550281174.5186017,Line2
42,2,5c676939d2d9ae00110c6062,504977,AI,1550281024.4149134,Line2
43,2,5c6768cfd2d9ae00110c6044,4971,AI,1550280916.3607464,Line1
44,2,5c6768b0d2d9ae00110c603b,4969,AI,1550280886.3466508,Line1
45,2,5c676888d2d9ae00110c602f,4966,AI,1550280841.3251238,Line1
46,2,5c676875d2d9ae00110c6028,4965,AI,1550280826.3201566,Line1
47,2,5c676857d2d9ae00110c6022,4963,AI,1550280796.3091533,Line1
48,2,5c67681bd2d9ae00110c6011,4959,AI,1550280736.270295,Line1
49,2,5c6767f4d2d9ae00110c6006,504955,AI,1550280694.2362008,Line2
50,2,5c67679ad2d9ae00110c5feb,504949,AI,1550280604.1697702,Line2
51,2,5c676787d2d9ae00110c5fe4,504948,AI,1550280589.1585798,Line2
52,2,5c67676bd2d9ae00110c5fdc,504946,AI,1550280559.1351821,Line2
53,2,5c676757d2d9ae00110c5fda,4946,AI,1550280541.1450875,Line1
54,2,5c676732d2d9ae00110c5fcd,504942,AI,1550280499.0930867,Line2
55,2,5c6766c0d2d9ae00110c5fab,504934,AI,1550280379.0292776,Line2
56,2,5c6766a5d2d9ae00110c5fa5,4934,AI,1550280361.0553849,Line1
57,2,5c676658d2d9ae00110c5f91,4929,AI,1550280285.9906633,Line1
58,2,5c676507d2d9ae00110c5f30,504905,AI,1550279943.7841651,Line2
59,2,5c6764c3d2d9ae00110c5f1f,4902,AI,1550279880.715176,Line1
60,2,5c67648fd2d9ae00110c5f0e,4898,AI,1550279820.6810014,Line1
61,2,5c676488d2d9ae00110c5f0c,504897,AI,1550279823.7129228,Line2
62,2,5c67646ad2d9ae00110c5f05,504895,AI,1550279793.7016327,Line2
63,2,5c67644bd2d9ae00110c5efd,504893,AI,1550279763.6760278,Line2
64,2,5c676432d2d9ae00110c5ef4,4892,AI,1550279730.6429715,Line1
65,2,5c67641ed2d9ae00110c5ef0,4891,AI,1550279715.6398325,Line1
66,2,5c67638dd2d9ae00110c5ec6,4881,AI,1550279565.5676773,Line1
67,2,5c676311d2d9ae00110c5ea3,504872,AI,1550279448.4865906,Line2
68,2,5c6762e3d2d9ae00110c5e97,4870,AI,1550279400.4767787,Line1
69,2,5c6762b6d2d9ae00110c5e8a,4867,AI,1550279355.4584749,Line1
70,2,5c67613fd2d9ae00110c5e20,4842,AI,1550278980.230706,Line1
71,2,5c67605fd2d9ae00110c5de0,504826,AI,1550278758.0671444,Line2
72,2,5c676035d2d9ae00110c5dd3,4824,AI,1550278710.0762684,Line1
73,2,5c6769fcd2d9ae00110c6099,504990,AI,1550281219.567537,Line2
74,2,5c67602ad2d9ae00110c5dcf,504822,AI,1550278698.037867,Line2
75,2,5c676013d2d9ae00110c5dcb,504821,AI,1550278683.026209,Line2
76,2,5c67773cd2d9ae00110c645a,505216,AI,1550284611.5905256,Line2
77,2,5c675ff6d2d9ae00110c5dc2,504819,AI,1550278653.0154915,Line2
78,2,5c675faad2d9ae00110c5dad,504814,AI,1550278577.975196,Line2
79,2,5c675f7dd2d9ae00110c5da0,504811,AI,1550278532.9510293,Line2
80,2,5c675f5ed2d9ae00110c5d98,4810,AI,1550278499.9541945,Line1
81,2,5c675f14d2d9ae00110c5d82,4805,AI,1550278424.9134102,Line1
82,2,5c67672ad2d9ae00110c5fcb,4943,AI,1550280496.1226456,Line1
83,2,5c675ef6d2d9ae00110c5d7a,4803,AI,1550278394.8976545,Line1
84,2,5c675e8cd2d9ae00110c5d5c,504795,AI,1550278292.801413,Line2
85,2,5c675e6fd2d9ae00110c5d54,504793,AI,1550278262.7806473,Line2
86,2,5c675debd2d9ae00110c5d2d,4785,AI,1550278124.7356777,Line1
87,2,5c675dafd2d9ae00110c5d1c,4781,AI,1550278064.7209163,Line1
88,2,5c675d9cd2d9ae00110c5d18,4780,AI,1550278049.7121916,Line1
89,2,5c675d08d2d9ae00110c5cee,504769,AI,1550277902.5789645,Line2
90,2,5c675c16d2d9ae00110c5caa,4754,AI,1550277659.5319738,Line1
91,2,5c675ba3d2d9ae00110c5c88,4746,AI,1550277539.4588158,Line1
92,2,5c675b8fd2d9ae00110c5c83,4745,AI,1550277524.4507952,Line1
93,2,5c675af8d2d9ae00110c5c59,504734,AI,1550277377.2213373,Line2
94,2,5c675abdd2d9ae00110c5c48,4731,AI,1550277314.3227866,Line1
95,2,5c675a53d2d9ae00110c5c2a,4724,AI,1550277209.2416306,Line1
96,2,5c675992d2d9ae00110c5bf3,504710,AI,1550277016.9965875,Line2
97,2,5c675987d2d9ae00110c5bef,4710,AI,1550276999.1146758,Line1
98,2,5c675955d2d9ae00110c5be2,504706,AI,1550276956.9620697,Line2
99,2,5c6758fcd2d9ae00110c5bc8,504700,AI,1550276866.9231162,Line2
100,2,5c6758ebd2d9ae00110c5bc4,504699,AI,1550276851.9133914,Line2
101,2,5c676772d2d9ae00110c5fde,4947,AI,1550280556.150185,Line1
102,2,5c6758ced2d9ae00110c5bba,504697,AI,1550276821.8953438,Line2
103,2,5c6758bfd2d9ae00110c5bb7,4697,AI,1550276803.9803686,Line1
104,2,5c675881d2d9ae00110c5ba2,4692,AI,1550276728.9400537,Line1
105,2,5c67584fd2d9ae00110c5b98,4689,AI,1550276683.8935933,Line1
106,2,5c675c34d2d9ae00110c5cb2,4756,AI,1550277689.5496373,Line1
107,2,5c675831d2d9ae00110c5b8f,4687,AI,1550276653.8797328,Line1
108,2,5c6757ffd2d9ae00110c5b7e,4683,AI,1550276593.8400848,Line1
109,2,5c6757e9d2d9ae00110c5b7a,4682,AI,1550276578.832515,Line1
110,2,5c6757c2d2d9ae00110c5b6d,504679,AI,1550276551.7550013,Line2
111,2,5c6757add2d9ae00110c5b69,4678,AI,1550276518.802393,Line1
112,2,5c675793d2d9ae00110c5b60,504676,AI,1550276506.7180753,Line2
113,2,5c675784d2d9ae00110c5b5e,4676,AI,1550276488.7740998,Line1
114,2,5c6756fdd2d9ae00110c5b38,504666,AI,1550276356.6478715,Line2
115,2,5c6756ded2d9ae00110c5b2f,504664,AI,1550276326.627868,Line2
116,2,5c67568bd2d9ae00110c5b18,4659,AI,1550276233.5974057,Line1
117,2,5c675666d2d9ae00110c5b0d,504656,AI,1550276206.5696285,Line2
118,2,5c67562ed2d9ae00110c5afc,504652,AI,1550276146.53231,Line2
119,2,5c675613d2d9ae00110c5af4,504650,AI,1550276116.5177617,Line2
120,2,5c67560cd2d9ae00110c5af2,4651,AI,1550276113.53186,Line1
121,2,5c6755ded2d9ae00110c5ae7,504647,AI,1550276071.4804242,Line2
122,2,5c6755b2d2d9ae00110c5ada,4645,AI,1550276023.485241,Line1
123,2,5c67550dd2d9ae00110c5aac,504633,AI,1550275861.3708832,Line2
124,2,5c6754e0d2d9ae00110c5a9f,4631,AI,1550275813.3537042,Line1
125,2,5c6754c2d2d9ae00110c5a96,504628,AI,1550275786.3454566,Line2
126,2,5c67547cd2d9ae00110c5a83,504623,AI,1550275711.296563,Line2
127,2,5c67545cd2d9ae00110c5a79,4622,AI,1550275678.2636626,Line1
128,2,5c6753fed2d9ae00110c5a5f,4616,AI,1550275588.219388,Line1
129,2,5c6753e3d2d9ae00110c5a57,504613,AI,1550275561.2047565,Line2
130,2,5c6753c8d2d9ae00110c5a50,504611,AI,1550275531.1916285,Line2
131,2,5c675369d2d9ae00110c5a35,4606,AI,1550275438.145749,Line1
132,2,5c675331d2d9ae00110c5a24,4602,AI,1550275378.0964332,Line1
133,2,5c6752ffd2d9ae00110c5a17,4599,AI,1550275333.051647,Line1
134,2,5c675fbdd2d9ae00110c5db1,504815,AI,1550278592.9799795,Line2
135,2,5c6752a5d2d9ae00110c59fd,504592,AI,1550275246.0469644,Line2
136,2,5c6773f3d2d9ae00110c636b,5161,AI,1550283768.1993237,Line1
137,2,5c676d48d2d9ae00110c6187,5047,AI,1550282057.045632,Line1
138,2,5c6768edd2d9ae00110c604c,504972,AI,1550280949.3765981,Line2
139,2,5c6751f1d2d9ae00110c59ca,4581,AI,1550275062.856028,Line1
140,2,5c6759bdd2d9ae00110c5c00,4714,AI,1550277059.1469896,Line1
141,2,5c6751b5d2d9ae00110c59b9,4577,AI,1550275002.804591,Line1
142,2,5c6751a6d2d9ae00110c59b5,504575,AI,1550274990.875641,Line2
143,2,5c67517ad2d9ae00110c59a8,4573,AI,1550274942.7515783,Line1
144,2,5c67513ed2d9ae00110c5997,504568,AI,1550274885.816582,Line2
145,2,5c67512dd2d9ae00110c5993,504567,AI,1550274870.805919,Line2
146,2,5c675105d2d9ae00110c5986,4565,AI,1550274822.671215,Line1
147,2,5c6750f9d2d9ae00110c5982,504563,AI,1550274810.7754054,Line2
148,2,5c6750f2d2d9ae00110c5980,4564,AI,1550274807.6645632,Line1
149,2,5c6750b6d2d9ae00110c5971,504559,AI,1550274750.7447422,Line2
150,2,5c675862d2d9ae00110c5b9c,4690,AI,1550276698.9069264,Line1
151,2,5c67506bd2d9ae00110c595c,504554,AI,1550274675.700734,Line2
152,2,5c67505cd2d9ae00110c5958,4554,AI,1550274657.5667307,Line1
153,2,5c6769a1d2d9ae00110c607f,4985,AI,1550281126.4907513,Line1
154,2,5c675012d2d9ae00110c5942,504548,AI,1550274585.6536038,Line2
155,2,5c6766acd2d9ae00110c5fa7,504933,AI,1550280364.0269213,Line2
156,2,5c675001d2d9ae00110c593e,504547,AI,1550274570.6518948,Line2
157,2,5c675889d2d9ae00110c5ba5,504692,AI,1550276746.8552823,Line2
158,2,5c675197d2d9ae00110c59b1,4575,AI,1550274972.786057,Line1
159,2,5c674fccd2d9ae00110c592d,504543,AI,1550274510.610103,Line2
160,2,5c676a1ad2d9ae00110c60a1,504992,AI,1550281249.5886016,Line2
161,2,5c674fc5d2d9ae00110c592b,4544,AI,1550274507.4521732,Line1
162,2,5c674f14d2d9ae00110c58fa,504531,AI,1550274330.4856951,Line2
163,2,5c6771f4d2d9ae00110c62d9,5127,AI,1550283257.840511,Line1
164,2,5c674ec6d2d9ae00110c58e5,4527,AI,1550274252.2691464,Line1
165,2,5c674ea8d2d9ae00110c58dc,504524,AI,1550274225.4250488,Line2
166,2,5c674cabd2d9ae00110c584c,504490,AI,1550273715.1363368,Line2
167,2,5c674c92d2d9ae00110c5845,504488,AI,1550273685.1122284,Line2
168,2,5c674c7fd2d9ae00110c583f,504487,AI,1550273670.1063135,Line2
169,2,5c674c6ed2d9ae00110c583b,504486,AI,1550273655.1022243,Line2
170,2,5c674bc1d2d9ae00110c5808,504474,AI,1550273474.9999177,Line2
171,2,5c6763b6d2d9ae00110c5ed2,504883,AI,1550279613.5899527,Line2
172,2,5c674babd2d9ae00110c5804,504473,AI,1550273459.9931939,Line2
173,2,5c674b8dd2d9ae00110c57fb,4472,AI,1550273426.8000631,Line1
174,2,5c674b6fd2d9ae00110c57f3,4470,AI,1550273396.793913,Line1
175,2,5c674b60d2d9ae00110c57ee,504468,AI,1550273384.9506292,Line2
176,2,5c674b42d2d9ae00110c57e6,504466,AI,1550273354.9384377,Line2
177,2,5c676ab0d2d9ae00110c60cc,505002,AI,1550281399.6962726,Line2
178,2,5c674b15d2d9ae00110c57d9,4464,AI,1550273306.7515135,Line1
179,2,5c674a43d2d9ae00110c579e,504449,AI,1550273099.809111,Line2
180,2,5c674a16d2d9ae00110c5791,4447,AI,1550273051.6211164,Line1
181,2,5c6749cbd2d9ae00110c577c,4442,AI,1550272976.5795794,Line1
182,2,5c6749a4d2d9ae00110c576f,504438,AI,1550272934.7128675,Line2
183,2,5c674951d2d9ae00110c5758,4434,AI,1550272856.4875278,Line1
184,2,5c67493cd2d9ae00110c5751,504431,AI,1550272829.6465476,Line2
185,2,5c67572fd2d9ae00110c5b47,504669,AI,1550276401.6680017,Line2
186,2,5c674882d2d9ae00110c571e,504419,AI,1550272649.5466971,Line2
187,2,5c674853d2d9ae00110c5711,4417,AI,1550272601.3610458,Line1
188,2,5c674834d2d9ae00110c5707,4415,AI,1550272571.349256,Line1
189,2,5c674809d2d9ae00110c56fc,4412,AI,1550272526.3212447,Line1
190,2,5c6747a4d2d9ae00110c56de,4405,AI,1550272421.2631378,Line1
191,2,5c674791d2d9ae00110c56da,4404,AI,1550272406.2524927,Line1
192,2,5c674746d2d9ae00110c56c5,4399,AI,1550272331.2066522,Line1
193,2,5c6746eed2d9ae00110c56ab,504392,AI,1550272244.340898,Line2
194,2,5c6746cdd2d9ae00110c56a3,4391,AI,1550272211.1588297,Line1
195,2,5c67463dd2d9ae00110c567a,504380,AI,1550272064.2237177,Line2
196,2,5c67461ad2d9ae00110c5670,504378,AI,1550272034.2015548,Line2
197,2,5c674583d2d9ae00110c5645,504368,AI,1550271884.1044781,Line2
198,2,5c674549d2d9ae00110c5634,504364,AI,1550271824.06875,Line2
199,2,5c67453dd2d9ae00110c5630,4364,AI,1550271805.9229875,Line1
200,2,5c6744ded2d9ae00110c5617,4358,AI,1550271715.870976,Line1
201,2,5c675e1dd2d9ae00110c5d3a,4788,AI,1550278169.7608297,Line1
202,2,5c6743fdd2d9ae00110c55d7,4343,AI,1550271490.7373788,Line1
203,2,5c6777e1d2d9ae00110c6488,505227,AI,1550284776.658117,Line2
204,2,5c674385d2d9ae00110c55b5,504334,AI,1550271373.7787144,Line2
205,2,5c67433ad2d9ae00110c55a0,504329,AI,1550271298.7502122,Line2
206,2,5c67432bd2d9ae00110c559b,4329,AI,1550271280.611299,Line1
207,2,5c6742ffd2d9ae00110c558f,504325,AI,1550271238.7140374,Line2
208,2,5c6742e4d2d9ae00110c5586,4324,AI,1550271205.5679407,Line1
209,2,5c677700d2d9ae00110c6449,5213,AI,1550284548.6477563,Line1
210,2,5c6742bcd2d9ae00110c557a,4321,AI,1550271160.5399468,Line1
211,2,5c674295d2d9ae00110c5571,4319,AI,1550271130.5297434,Line1
212,2,5c6767d1d2d9ae00110c5ffc,504953,AI,1550280664.217796,Line2
213,2,5c67424bd2d9ae00110c555c,4314,AI,1550271055.495151,Line1
214,2,5c674224d2d9ae00110c554f,4311,AI,1550271010.4743128,Line1
215,2,5c6741b4d2d9ae00110c5531,504303,AI,1550270908.524908,Line2
216,2,5c6741a5d2d9ae00110c552d,4303,AI,1550270890.4022853,Line1
217,2,5c67411dd2d9ae00110c5507,504293,AI,1550270758.4364789,Line2
218,2,5c6740f0d2d9ae00110c54fa,504290,AI,1550270713.4157445,Line2
219,2,5c674089d2d9ae00110c54dc,504283,AI,1550270608.3721929,Line2
220,2,5c67406ad2d9ae00110c54d4,4282,AI,1550270575.2280822,Line1
221,2,5c674022d2d9ae00110c54be,4277,AI,1550270500.1694734,Line1
222,2,5c67400ed2d9ae00110c54b8,4276,AI,1550270485.1614506,Line1
223,2,5c673fb5d2d9ae00110c54a1,4270,AI,1550270395.1219823,Line1
224,2,5c673f2fd2d9ae00110c547a,504260,AI,1550270263.1787336,Line2
225,2,5c673f02d2d9ae00110c546e,4258,AI,1550270215.016879,Line1
226,2,5c673ec5d2d9ae00110c545d,4254,AI,1550270154.9926958,Line1
227,2,5c673e72d2d9ae00110c5443,504247,AI,1550270068.0742824,Line2
228,2,5c674f03d2d9ae00110c58f6,504530,AI,1550274315.4817603,Line2
229,2,5c673e4dd2d9ae00110c543b,4246,AI,1550270034.9229598,Line1
230,2,5c67671dd2d9ae00110c5fc9,504941,AI,1550280484.0908177,Line2
231,2,5c675b43d2d9ae00110c5c6e,4740,AI,1550277449.401898,Line1
232,2,5c673e31d2d9ae00110c5432,504243,AI,1550270008.0353546,Line2
233,2,5c675cbbd2d9ae00110c5cd8,4765,AI,1550277824.6235662,Line1
234,2,5c673e20d2d9ae00110c542e,504242,AI,1550269993.027331,Line2
235,2,5c673d3fd2d9ae00110c53ee,504227,AI,1550269767.889053,Line2
236,2,5c673cb8d2d9ae00110c53c8,4219,AI,1550269629.687844,Line1
237,2,5c673c9ad2d9ae00110c53bf,504216,AI,1550269602.790248,Line2
238,2,5c673c62d2d9ae00110c53ae,4213,AI,1550269539.6494794,Line1
239,2,5c673c4fd2d9ae00110c53aa,4212,AI,1550269524.6449182,Line1
240,2,5c673c31d2d9ae00110c53a2,4210,AI,1550269494.6362848,Line1
241,2,5c673c14d2d9ae00110c5399,504207,AI,1550269467.7149568,Line2
242,2,5c673bfbd2d9ae00110c5393,504205,AI,1550269437.6960237,Line2
243,2,5c673be0d2d9ae00110c538a,504203,AI,1550269407.6839283,Line2
244,2,5c673bcfd2d9ae00110c5384,504202,AI,1550269392.6746478,Line2
245,2,5c673bc8d2d9ae00110c5382,4203,AI,1550269389.5789444,Line1
246,2,5c676e43d2d9ae00110c61cf,5064,AI,1550282312.1878037,Line1
247,2,5c673b9dd2d9ae00110c5377,504199,AI,1550269347.660866,Line2
248,2,5c673b8cd2d9ae00110c5373,504198,AI,1550269332.6494248,Line2
249,2,5c673b6dd2d9ae00110c536a,4197,AI,1550269299.528233,Line1
250,2,5c673af7d2d9ae00110c5348,504188,AI,1550269182.5478933,Line2
251,2,5c673ae6d2d9ae00110c5344,504187,AI,1550269167.5464423,Line2
252,2,5c673ac9d2d9ae00110c533c,504185,AI,1550269137.5296862,Line2
253,2,5c673abad2d9ae00110c5337,4185,AI,1550269119.4484842,Line1
254,2,5c673a05d2d9ae00110c5304,4173,AI,1550268939.3403919,Line1
255,2,5c6739cad2d9ae00110c52f3,4169,AI,1550268879.2881408,Line1
256,2,5c67628bd2d9ae00110c5e7d,4864,AI,1550279310.433506,Line1
257,2,5c67397fd2d9ae00110c52de,4164,AI,1550268804.2266958,Line1
258,2,5c67396fd2d9ae00110c52da,504162,AI,1550268792.3429396,Line2
259,2,5c6742c4d2d9ae00110c557c,504321,AI,1550271178.6779115,Line2
260,2,5c673941d2d9ae00110c52cb,4160,AI,1550268744.1998973,Line1
261,2,5c670081d2d9ae00110c42bb,503191,AI,1550254218.6019135,Line2
262,2,5c673a55d2d9ae00110c531a,4178,AI,1550269014.372107,Line1
263,2,5c66ff91d2d9ae00110c4277,503175,AI,1550253978.4823148,Line2
264,2,5c66ce0bd2d9ae00110c3470,2331,AI,1550241292.7325468,Line1
265,2,5c66ff2fd2d9ae00110c4259,503168,AI,1550253873.4317558,Line2
266,2,5c673078d2d9ae00110c5050,504009,AI,1550266495.8959246,Line2
267,2,5c676410d2d9ae00110c5eec,504889,AI,1550279703.6353612,Line2
268,2,5c66feecd2d9ae00110c4248,3165,AI,1550253810.0416074,Line1
269,2,5c66d4d5d2d9ae00110c365d,502446,AI,1550243037.2860267,Line2
270,2,5c66d641d2d9ae00110c36c3,2471,AI,1550243393.9356358,Line1
271,2,5c674529d2d9ae00110c562c,4363,AI,1550271790.9114337,Line1
272,2,5c66feaad2d9ae00110c4235,503159,AI,1550253738.3655868,Line2
273,2,5c670235d2d9ae00110c4336,503220,AI,1550254653.8350768,Line2
274,2,5c66fe99d2d9ae00110c422f,503158,AI,1550253723.3578317,Line2
275,2,5c66fe91d2d9ae00110c422d,3159,AI,1550253719.9992416,Line1
276,2,5c66d106d2d9ae00110c3548,502381,AI,1550242061.7000647,Line2
277,2,5c673528d2d9ae00110c51a2,4090,AI,1550267693.6697097,Line1
278,2,5c66fd1bd2d9ae00110c41c4,503133,AI,1550253348.139783,Line2
279,2,5c66d4e2d2d9ae00110c365f,2448,AI,1550243048.7436712,Line1
280,2,5c66fc97d2d9ae00110c419e,503124,AI,1550253213.0800624,Line2
281,2,5c66fc83d2d9ae00110c419a,3124,AI,1550253194.6400867,Line1
282,2,5c676de9d2d9ae00110c61b6,505057,AI,1550282225.1366403,Line2
283,2,5c66fc68d2d9ae00110c4191,503121,AI,1550253168.0443242,Line2
284,2,5c671c0ad2d9ae00110c4a86,3661,AI,1550261254.7131584,Line1
285,2,5c66fb94d2d9ae00110c4156,503107,AI,1550252957.9040792,Line2
286,2,5c66fb68d2d9ae00110c4149,3105,AI,1550252909.465396,Line1
287,2,5c66fb14d2d9ae00110c4130,503098,AI,1550252822.7982047,Line2
288,2,5c66f57bd2d9ae00110c3f9c,503003,AI,1550251396.9690926,Line2
289,2,5c66f9c2d2d9ae00110c40d2,3077,AI,1550252489.2542522,Line1
290,2,5c66f988d2d9ae00110c40c1,503072,AI,1550252432.5815797,Line2
291,2,5c670415d2d9ae00110c43bc,3253,AI,1550255130.8335376,Line1
292,2,5c6718aed2d9ae00110c4992,3604,AI,1550260399.1900666,Line1
293,2,5c66f940d2d9ae00110c40ac,503067,AI,1550252357.5394683,Line2
294,2,5c670cbcd2d9ae00110c4631,503399,AI,1550257340.3521256,Line2
295,2,5c670f95d2d9ae00110c46ff,3449,AI,1550258072.6284363,Line1
296,2,5c66f91dd2d9ae00110c409f,503064,AI,1550252312.5225806,Line2
297,2,5c67724ed2d9ae00110c62f4,5133,AI,1550283347.8977818,Line1
298,2,5c6712add2d9ae00110c47dc,3501,AI,1550258853.1398363,Line1
299,2,5c672175d2d9ae00110c4c10,503753,AI,1550262653.7452965,Line2
300,2,5c66f655d2d9ae00110c3fd8,503017,AI,1550251607.0904517,Line2
301,2,5c6706dfd2d9ae00110c4486,3300,AI,1550255836.2787964,Line1
302,2,5c66cb09d2d9ae00110c3397,502279,AI,1550240530.9093056,Line2
303,2,5c6703f7d2d9ae00110c43b6,503250,AI,1550255104.097573,Line2
304,2,5c676323d2d9ae00110c5ea8,504873,AI,1550279463.4945154,Line2
305,2,5c66ff64d2d9ae00110c426a,3173,AI,1550253930.1178546,Line1
306,2,5c6718eed2d9ae00110c49a3,3608,AI,1550260459.216918,Line1
307,2,5c67662dd2d9ae00110c5f85,504925,AI,1550280243.965099,Line2
308,2,5c673a32d2d9ae00110c5311,504175,AI,1550268987.450535,Line2
309,2,5c66f5b8d2d9ae00110c3fad,503007,AI,1550251456.996826,Line2
310,2,5c66c938d2d9ae00110c3313,2249,AI,1550240061.8952682,Line1
311,2,5c676a83d2d9ae00110c60bf,5000,AI,1550281351.6426651,Line1
312,2,5c66f555d2d9ae00110c3f8f,503000,AI,1550251351.9433517,Line2
313,2,5c674d72d2d9ae00110c5883,4504,AI,1550273907.0739973,Line1
314,2,5c66f513d2d9ae00110c3f7e,502996,AI,1550251291.9102378,Line2
315,2,5c66d7f0d2d9ae00110c373e,502499,AI,1550243832.698628,Line2
316,2,5c670db2d2d9ae00110c4677,503416,AI,1550257595.4919803,Line2
317,2,5c66f83fd2d9ae00110c4064,503050,AI,1550252102.3892505,Line2
318,2,5c6738ead2d9ae00110c52b4,504153,AI,1550268657.2806997,Line2
319,2,5c670c11d2d9ae00110c45fe,503388,AI,1550257175.261067,Line2
320,2,5c66f4ead2d9ae00110c3f71,2994,AI,1550251243.5440917,Line1
321,2,5c67738ad2d9ae00110c634e,505153,AI,1550283666.031409,Line2
322,2,5c66decbd2d9ae00110c392f,2617,AI,1550245585.1171072,Line1
323,2,5c67707ed2d9ae00110c6271,505101,AI,1550282885.5311322,Line2
324,2,5c676c8fd2d9ae00110c6154,5035,AI,1550281876.9152715,Line1
325,2,5c66f4d6d2d9ae00110c3f6d,2993,AI,1550251228.5296216,Line1
326,2,5c66f44fd2d9ae00110c3f47,2984,AI,1550251093.43465,Line1
327,2,5c674bb9d2d9ae00110c5806,4475,AI,1550273471.8272998,Line1
328,2,5c66e192d2d9ae00110c39f7,2664,AI,1550246290.4742293,Line1
329,2,5c66f84dd2d9ae00110c4068,3052,AI,1550252114.0691445,Line1
330,2,5c66eddcd2d9ae00110c3d73,2874,AI,1550249442.3959622,Line1
331,2,5c66f3c9d2d9ae00110c3f21,502974,AI,1550250961.6849716,Line2
332,2,5c677849d2d9ae00110c64a6,5235,AI,1550284878.8501976,Line1
333,2,5c66f377d2d9ae00110c3f09,2969,AI,1550250868.2529075,Line1
334,2,5c66ee18d2d9ae00110c3d84,502877,AI,1550249505.7904544,Line2
335,2,5c675a35d2d9ae00110c5c22,504721,AI,1550277182.1090157,Line2
336,2,5c671c46d2d9ae00110c4a95,503664,AI,1550261317.8496706,Line2
337,2,5c672a31d2d9ae00110c4e89,3903,AI,1550264886.9459596,Line1
338,2,5c66f241d2d9ae00110c3eb2,2949,AI,1550250568.0218232,Line1
339,2,5c66ca02d2d9ae00110c334a,502261,AI,1550240260.7524087,Line2
340,2,5c66f125d2d9ae00110c3e61,502929,AI,1550250286.270947,Line2
341,2,5c6728bed2d9ae00110c4e1f,3878,AI,1550264511.7169123,Line1
342,2,5c66f824d2d9ae00110c405b,3049,AI,1550252069.0464025,Line1
343,2,5c66f107d2d9ae00110c3e59,2928,AI,1550250252.8310356,Line1
344,2,5c66d2e5d2d9ae00110c35d0,502413,AI,1550242541.9493084,Line2
345,2,5c66efe9d2d9ae00110c3e08,2909,AI,1550249967.6931572,Line1
346,2,5c66efdcd2d9ae00110c3e04,502907,AI,1550249956.0583973,Line2
347,2,5c67544ad2d9ae00110c5a74,4621,AI,1550275663.2552357,Line1
348,2,5c66efbed2d9ae00110c3dfb,502905,AI,1550249926.045969,Line2
349,2,5c670b5ad2d9ae00110c45cd,3377,AI,1550256992.022596,Line1
350,2,5c66ef73d2d9ae00110c3de4,2901,AI,1550249847.6270788,Line1
351,2,5c676b7ad2d9ae00110c6103,505015,AI,1550281594.792883,Line2
352,2,5c66fbefd2d9ae00110c416f,3114,AI,1550253044.541161,Line1
353,2,5c66e65ad2d9ae00110c3b53,2746,AI,1550247521.2709644,Line1
354,2,5c672309d2d9ae00110c4c80,3781,AI,1550263055.8090038,Line1
355,2,5c676d70d2d9ae00110c6194,5050,AI,1550282102.0760803,Line1
356,2,5c676b86d2d9ae00110c6108,5017,AI,1550281606.7968378,Line1
357,2,5c673735d2d9ae00110c5238,504124,AI,1550268221.9697676,Line2
358,2,5c66efcbd2d9ae00110c3e00,2907,AI,1550249937.6793625,Line1
359,2,5c675313d2d9ae00110c5a1b,4600,AI,1550275348.0582776,Line1
360,2,5c674358d2d9ae00110c55a8,504331,AI,1550271328.7587483,Line2
361,2,5c66ee7dd2d9ae00110c3d9e,502883,AI,1550249595.8355699,Line2
362,2,5c66e421d2d9ae00110c3ab2,2708,AI,1550246950.8940353,Line1
363,2,5c66edbfd2d9ae00110c3d6b,502871,AI,1550249415.736839,Line2
364,2,5c66eda0d2d9ae00110c3d62,502869,AI,1550249385.7174878,Line2
365,2,5c66fd93d2d9ae00110c41e6,503141,AI,1550253468.214463,Line2
366,2,5c672198d2d9ae00110c4c1a,503755,AI,1550262683.750522,Line2
367,2,5c66ed55d2d9ae00110c3d4d,2865,AI,1550249307.3149304,Line1
368,2,5c672ca9d2d9ae00110c4f3b,503944,AI,1550265520.302485,Line2
369,2,5c66ffb0d2d9ae00110c427f,503177,AI,1550254008.5033288,Line2
370,2,5c673b31d2d9ae00110c5359,504192,AI,1550269242.5779028,Line2
371,2,5c66f8a6d2d9ae00110c4081,503057,AI,1550252207.4432607,Line2
372,2,5c675287d2d9ae00110c59f5,4591,AI,1550275212.9660025,Line1
373,2,5c66ec91d2d9ae00110c3d16,2852,AI,1550249112.1876385,Line1
374,2,5c673428d2d9ae00110c5159,504072,AI,1550267441.5273495,Line2
375,2,5c66fd75d2d9ae00110c41de,3140,AI,1550253434.7920158,Line1
376,2,5c67666cd2d9ae00110c5f96,4930,AI,1550280301.0010245,Line1
377,2,5c6700c4d2d9ae00110c42cc,503195,AI,1550254278.627699,Line2
378,2,5c66df97d2d9ae00110c3966,502629,AI,1550245783.7822888,Line2
379,2,5c66ec40d2d9ae00110c3cfd,2846,AI,1550249022.1318905,Line1
380,2,5c66ec39d2d9ae00110c3cfa,502845,AI,1550249025.5241652,Line2
381,2,5c66ec0ad2d9ae00110c3cf0,2843,AI,1550248977.1066444,Line1
382,2,5c677688d2d9ae00110c6427,5205,AI,1550284428.5828168,Line1
383,2,5c67537bd2d9ae00110c5a39,4607,AI,1550275453.1536884,Line1
384,2,5c66f6a7d2d9ae00110c3ff1,3024,AI,1550251693.8211393,Line1
385,2,5c670d2dd2d9ae00110c4651,503407,AI,1550257460.4143686,Line2
386,2,5c676cf9d2d9ae00110c6172,5042,AI,1550281981.9734137,Line1
387,2,5c66ebb8d2d9ae00110c3cd6,502836,AI,1550248890.471565,Line2
388,2,5c672038d2d9ae00110c4bb6,3733,AI,1550262335.3340614,Line1
389,2,5c66ea3ed2d9ae00110c3c6c,2812,AI,1550248511.8238976,Line1
390,2,5c673594d2d9ae00110c51bf,4097,AI,1550267798.715017,Line1
391,2,5c66ebb0d2d9ae00110c3cd4,2837,AI,1550248887.048168,Line1
392,2,5c66ea2ad2d9ae00110c3c68,2811,AI,1550248496.817309,Line1
393,2,5c672086d2d9ae00110c4bcc,503737,AI,1550262413.5781043,Line2
394,2,5c66e987d2d9ae00110c3c39,502799,AI,1550248335.134848,Line2
395,2,5c66e967d2d9ae00110c3c30,2798,AI,1550248301.7090337,Line1
396,2,5c67407dd2d9ae00110c54d8,4283,AI,1550270590.2352378,Line1
397,2,5c66e8d8d2d9ae00110c3c06,502787,AI,1550248155.0360134,Line2
398,2,5c6766b8d2d9ae00110c5fa9,4935,AI,1550280376.0593379,Line1
399,2,5c67499dd2d9ae00110c576d,4439,AI,1550272931.5547335,Line1
400,2,5c66e8d1d2d9ae00110c3c04,2788,AI,1550248151.6293204,Line1
401,2,5c66e896d2d9ae00110c3bf5,502783,AI,1550248095.0070817,Line2
402,2,5c66f612d2d9ae00110c3fc6,503013,AI,1550251547.0436845,Line2
403,2,5c66f5d6d2d9ae00110c3fb5,3010,AI,1550251483.698586,Line1
404,2,5c6775c4d2d9ae00110c63ef,505191,AI,1550284236.3762717,Line2
405,2,5c67358dd2d9ae00110c51bd,504095,AI,1550267786.7558362,Line2
406,2,5c672aa1d2d9ae00110c4ea7,503909,AI,1550264995.0092685,Line2
407,2,5c66e84bd2d9ae00110c3be0,502778,AI,1550248019.964928,Line2
408,2,5c676c45d2d9ae00110c613f,505029,AI,1550281804.917848,Line2
409,2,5c66e697d2d9ae00110c3b64,502749,AI,1550247584.6959288,Line2
410,2,5c66d1a9d2d9ae00110c3577,2393,AI,1550242223.2928448,Line1
411,2,5c6709b8d2d9ae00110c4556,503348,AI,1550256574.9432857,Line2
412,2,5c66e878d2d9ae00110c3bec,502781,AI,1550248064.9833863,Line2
413,2,5c66e64cd2d9ae00110c3b4f,502744,AI,1550247509.6740842,Line2
414,2,5c66e613d2d9ae00110c3b3e,2741,AI,1550247446.2260306,Line1
415,2,5c675678d2d9ae00110c5b12,4658,AI,1550276218.5880072,Line1
416,2,5c670f6fd2d9ae00110c46f5,3446,AI,1550258027.607386,Line1
417,2,5c66f811d2d9ae00110c4057,3048,AI,1550252054.0417278,Line1
418,2,5c672581d2d9ae00110c4d35,503822,AI,1550263689.277141,Line2
419,2,5c673c3fd2d9ae00110c53a6,504210,AI,1550269512.7489505,Line2
420,2,5c670056d2d9ae00110c42ae,503188,AI,1550254173.5897198,Line2
421,2,5c66f421d2d9ae00110c3f3a,2981,AI,1550251048.4130683,Line1
422,2,5c670830d2d9ae00110c44e8,3323,AI,1550256181.537989,Line1
423,2,5c66e58ad2d9ae00110c3b18,502731,AI,1550247314.571162,Line2
424,2,5c673398d2d9ae00110c5133,504062,AI,1550267291.410331,Line2
425,2,5c6738d9d2d9ae00110c52af,504152,AI,1550268642.2749956,Line2
426,2,5c66f85bd2d9ae00110c406c,503052,AI,1550252132.407564,Line2
427,2,5c66dff1d2d9ae00110c3982,2636,AI,1550245870.2514744,Line1
428,2,5c671469d2d9ae00110c485c,503530,AI,1550259306.5950005,Line2
429,2,5c66f925d2d9ae00110c40a2,3066,AI,1550252324.1669283,Line1
430,2,5c66fc5cd2d9ae00110c418d,3121,AI,1550253149.6080153,Line1
431,2,5c66ffcdd2d9ae00110c4286,3180,AI,1550254035.1876936,Line1
432,2,5c66e3b7d2d9ae00110c3a94,2701,AI,1550246845.8061166,Line1
433,2,5c67287ed2d9ae00110c4e0e,503873,AI,1550264454.7037208,Line2
434,2,5c66e36cd2d9ae00110c3a7d,2696,AI,1550246770.7658973,Line1
435,2,5c6710ddd2d9ae00110c475d,503470,AI,1550258405.9790719,Line2
436,2,5c672742d2d9ae00110c4db4,503852,AI,1550264139.52385,Line2
437,2,5c66e4a7d2d9ae00110c3ad4,502715,AI,1550247074.4482665,Line2
438,2,5c66f205d2d9ae00110c3ea1,2945,AI,1550250507.9844334,Line1
439,2,5c6734e4d2d9ae00110c518e,4085,AI,1550267618.6234024,Line1
440,2,5c6739e7d2d9ae00110c52fc,4171,AI,1550268909.3137543,Line1
441,2,5c66e2c7d2d9ae00110c3a50,2685,AI,1550246605.6239655,Line1
442,2,5c676dbcd2d9ae00110c61a9,505054,AI,1550282180.121166,Line2
443,2,5c670a6ad2d9ae00110c4589,503360,AI,1550256755.0380683,Line2
444,2,5c674934d2d9ae00110c574f,4432,AI,1550272826.474154,Line1
445,2,5c66e2b9d2d9ae00110c3a4c,502683,AI,1550246594.1664984,Line2
446,2,5c66dcaed2d9ae00110c3896,2581,AI,1550245044.8794384,Line1
447,2,5c66d3d5d2d9ae00110c3614,502429,AI,1550242782.1145337,Line2
448,2,5c66f4fed2d9ae00110c3f76,2995,AI,1550251258.552032,Line1
449,2,5c66f90cd2d9ae00110c409b,503063,AI,1550252297.5141256,Line2
450,2,5c66cdf7d2d9ae00110c346b,2330,AI,1550241277.7250116,Line1
451,2,5c676e07d2d9ae00110c61bc,5060,AI,1550282252.1510544,Line1
452,2,5c66d23ed2d9ae00110c35a2,2403,AI,1550242373.3725455,Line1
453,2,5c671048d2d9ae00110c4732,503460,AI,1550258255.9082444,Line2
454,2,5c66f02cd2d9ae00110c3e19,502912,AI,1550250031.0884752,Line2
455,2,5c6728f6d2d9ae00110c4e30,503881,AI,1550264574.7787776,Line2
456,2,5c66d3b7d2d9ae00110c360c,502427,AI,1550242752.0859163,Line2
457,2,5c66d25ed2d9ae00110c35aa,502404,AI,1550242406.8859682,Line2
458,2,5c66d5f8d2d9ae00110c36ad,502465,AI,1550243322.4265945,Line2
459,2,5c66de4ad2d9ae00110c3909,502607,AI,1550245453.6242085,Line2
460,2,5c675a9fd2d9ae00110c5c3f,4729,AI,1550277284.3031454,Line1
461,2,5c66d0f5d2d9ae00110c3544,502380,AI,1550242046.6991975,Line2
462,2,5c6714cbd2d9ae00110c4879,3538,AI,1550259408.535457,Line1
463,2,5c672725d2d9ae00110c4dac,503850,AI,1550264109.511488,Line2
464,2,5c66cf2bd2d9ae00110c34c0,502349,AI,1550241581.4460416,Line2
465,2,5c66ddbad2d9ae00110c38e1,2598,AI,1550245299.9975612,Line1
466,2,5c66cf23d2d9ae00110c34be,2350,AI,1550241577.9187276,Line1
467,2,5c66de76d2d9ae00110c3918,502610,AI,1550245498.644041,Line2
468,2,5c6775d3d2d9ae00110c63f3,5193,AI,1550284248.476581,Line1
469,2,5c66c614d2d9ae00110c322e,502194,AI,1550239255.215522,Line2
470,2,5c66f9d6d2d9ae00110c40d6,503077,AI,1550252507.6191561,Line2
471,2,5c66e0ddd2d9ae00110c39c4,502651,AI,1550246113.9521048,Line2
472,2,5c6771d7d2d9ae00110c62d2,505124,AI,1550283230.7634044,Line2
473,2,5c66cecad2d9ae00110c34a7,502343,AI,1550241491.414106,Line2
474,2,5c66ee45d2d9ae00110c3d91,502880,AI,1550249550.8159523,Line2
475,2,5c67097ad2d9ae00110c4545,3345,AI,1550256511.7449148,Line1
476,2,5c670fecd2d9ae00110c4719,503454,AI,1550258165.8572545,Line2
477,2,5c66ec29d2d9ae00110c3cf8,2845,AI,1550249007.1262493,Line1
478,2,5c6762f7d2d9ae00110c5e9b,4871,AI,1550279415.4812164,Line1
479,2,5c66ce38d2d9ae00110c347a,502333,AI,1550241341.3280797,Line2
480,2,5c6713b5d2d9ae00110c4829,503518,AI,1550259126.4794955,Line2
481,2,5c66e552d2d9ae00110c3b07,2728,AI,1550247251.0731542,Line1
482,2,5c66cdcbd2d9ae00110c345f,502326,AI,1550241236.2670825,Line2
483,2,5c66eefad2d9ae00110c3dc4,502892,AI,1550249730.913954,Line2
484,2,5c66f64dd2d9ae00110c3fd5,3018,AI,1550251603.760898,Line1
485,2,5c67321cd2d9ae00110c50c7,4038,AI,1550266913.2341244,Line1
486,2,5c66cd9ed2d9ae00110c3452,502323,AI,1550241191.2503572,Line2
487,2,5c6744eed2d9ae00110c561b,504358,AI,1550271734.0032537,Line2
488,2,5c66c973d2d9ae00110c3324,2253,AI,1550240121.9376194,Line1
489,2,5c672f6bd2d9ae00110c5003,503991,AI,1550266225.7178347,Line2
490,2,5c66cd8ed2d9ae00110c344e,2323,AI,1550241172.673783,Line1
491,2,5c66fc49d2d9ae00110c4189,3120,AI,1550253134.5923924,Line1
492,2,5c66cd26d2d9ae00110c3430,502315,AI,1550241071.191898,Line2
493,2,5c66d1b9d2d9ae00110c357b,502393,AI,1550242241.7952573,Line2
494,2,5c66f755d2d9ae00110c4020,503034,AI,1550251862.2465203,Line2
495,2,5c674764d2d9ae00110c56cd,4401,AI,1550272361.2274542,Line1
496,2,5c674665d2d9ae00110c5685,4384,AI,1550272106.0914712,Line1
497,2,5c66e3d7d2d9ae00110c3a9d,502702,AI,1550246879.3211937,Line2
498,2,5c6713d5d2d9ae00110c4833,3521,AI,1550259153.3299184,Line1
499,2,5c66fe37d2d9ae00110c4215,3153,AI,1550253629.938078,Line1
500,2,5c66d5f0d2d9ae00110c36ab,2466,AI,1550243318.8939755,Line1
501,2,5c675fc8d2d9ae00110c5db5,4817,AI,1550278605.0015295,Line1
502,2,5c66e35ed2d9ae00110c3a7b,502694,AI,1550246759.2622206,Line2
503,2,5c66cc6ad2d9ae00110c33fb,502302,AI,1550240876.101835,Line2
504,2,5c6752c3d2d9ae00110c5a06,4595,AI,1550275273.0262434,Line1
505,2,5c66f49fd2d9ae00110c3f5c,2989,AI,1550251168.498577,Line1
506,2,5c66eb0cd2d9ae00110c3ca5,2826,AI,1550248721.960397,Line1
507,2,5c671ca5d2d9ae00110c4ab1,3672,AI,1550261419.8116014,Line1
508,2,5c670ca3d2d9ae00110c4629,3399,AI,1550257322.192791,Line1
509,2,5c66f3b8d2d9ae00110c3f1c,2974,AI,1550250943.3219154,Line1
510,2,5c672da7d2d9ae00110c4f84,503961,AI,1550265775.4442432,Line2
511,2,5c66cc1fd2d9ae00110c33e3,502297,AI,1550240801.0684266,Line2
512,2,5c671fe0d2d9ae00110c4b9d,503726,AI,1550262248.4671273,Line2
513,2,5c66e82ed2d9ae00110c3bd7,502776,AI,1550247989.943405,Line2
514,2,5c66cef7d2d9ae00110c34b2,2347,AI,1550241532.88532,Line1
515,2,5c66ee6cd2d9ae00110c3d9a,502882,AI,1550249580.8344042,Line2
516,2,5c66c64ad2d9ae00110c323f,502198,AI,1550239315.2810388,Line2
517,2,5c672472d2d9ae00110c4ce8,503804,AI,1550263419.1302192,Line2
518,2,5c66e8a7d2d9ae00110c3bf9,502784,AI,1550248110.014438,Line2
519,2,5c66dba1d2d9ae00110c384a,502562,AI,1550244778.2553651,Line2
520,2,5c67687cd2d9ae00110c602b,504964,AI,1550280829.3220656,Line2
521,2,5c67579ad2d9ae00110c5b63,4677,AI,1550276503.7785938,Line1
522,2,5c67192ad2d9ae00110c49b6,3612,AI,1550260519.2425287,Line1
523,2,5c66e0c8d2d9ae00110c39c0,2651,AI,1550246095.3809807,Line1
524,2,5c67423ad2d9ae00110c5557,504312,AI,1550271043.6162052,Line2
525,2,5c66f8f1d2d9ae00110c4095,3063,AI,1550252279.1541283,Line1
526,2,5c6738add2d9ae00110c52a3,4150,AI,1550268594.1246605,Line1
527,2,5c677885d2d9ae00110c64b7,5239,AI,1550284938.8907032,Line1
528,2,5c66e630d2d9ae00110c3b47,502742,AI,1550247479.6650176,Line2
529,2,5c6702e9d2d9ae00110c4369,503232,AI,1550254833.9439623,Line2
530,2,5c66c7ded2d9ae00110c32b1,2226,AI,1550239716.6746626,Line1
531,2,5c66c70cd2d9ae00110c3276,2212,AI,1550239506.5559692,Line1
532,2,5c6717f5d2d9ae00110c495f,503591,AI,1550260222.1999536,Line2
533,2,5c66caaed2d9ae00110c337d,2274,AI,1550240437.2938578,Line1
534,2,5c672fb4d2d9ae00110c5018,3997,AI,1550266297.878829,Line1
535,2,5c670911d2d9ae00110c4527,3338,AI,1550256406.664207,Line1
536,2,5c66ca47d2d9ae00110c3360,2267,AI,1550240332.090411,Line1
537,2,5c672bd0d2d9ae00110c4efc,503929,AI,1550265295.1709685,Line2
538,2,5c66f0bcd2d9ae00110c3e44,502922,AI,1550250181.2002287,Line2
539,2,5c66d409d2d9ae00110c3621,502432,AI,1550242827.1557033,Line2
540,2,5c66f4f6d2d9ae00110c3f74,502994,AI,1550251261.903216,Line2
541,2,5c66f48bd2d9ae00110c3f58,2988,AI,1550251153.4725006,Line1
542,2,5c66e160d2d9ae00110c39ea,502660,AI,1550246249.020611,Line2
543,2,5c66d62cd2d9ae00110c36be,2470,AI,1550243378.926555,Line1
544,2,5c670342d2d9ae00110c4383,503238,AI,1550254924.014995,Line2
545,2,5c6736cfd2d9ae00110c5219,504117,AI,1550268116.9248574,Line2
546,2,5c6734ced2d9ae00110c518a,4084,AI,1550267603.6132426,Line1
547,2,5c6777c3d2d9ae00110c6480,505225,AI,1550284746.6369884,Line2
548,2,5c66d597d2d9ae00110c3694,502459,AI,1550243232.3855636,Line2
549,2,5c671b5cd2d9ae00110c4a54,503649,AI,1550261092.686376,Line2
550,2,5c67483cd2d9ae00110c5709,504414,AI,1550272574.507344,Line2
551,2,5c6723afd2d9ae00110c4cb1,3792,AI,1550263220.898526,Line1
552,2,5c672bc8d2d9ae00110c4efa,3930,AI,1550265292.1983573,Line1
553,2,5c6778c1d2d9ae00110c64c6,5243,AI,1550284998.9162705,Line1
554,2,5c66ca0dd2d9ae00110c334f,2263,AI,1550240272.0444486,Line1
555,2,5c66c921d2d9ae00110c330b,502246,AI,1550240035.6530354,Line2
556,2,5c66e173d2d9ae00110c39ee,502661,AI,1550246264.028489,Line2
557,2,5c6753b5d2d9ae00110c5a4a,504610,AI,1550275516.185317,Line2
558,2,5c66ecf2d2d9ae00110c3d31,502857,AI,1550249205.6387205,Line2
559,2,5c6708f6d2d9ae00110c451f,503335,AI,1550256379.8299093,Line2
560,2,5c66f78bd2d9ae00110c4031,503038,AI,1550251922.2720463,Line2
561,2,5c66d9c4d2d9ae00110c37c2,2531,AI,1550244294.4810915,Line1
562,2,5c66dc08d2d9ae00110c3867,2570,AI,1550244879.7891245,Line1
563,2,5c66f007d2d9ae00110c3e11,2911,AI,1550249997.7001941,Line1
564,2,5c66c6aed2d9ae00110c3258,2205,AI,1550239401.5011294,Line1
565,2,5c671290d2d9ae00110c47d8,3500,AI,1550258838.1337938,Line1
566,2,5c66ce1fd2d9ae00110c3474,2332,AI,1550241307.7407782,Line1
567,2,5c66d5a5d2d9ae00110c3698,2461,AI,1550243243.8588195,Line1
568,2,5c66f8f9d2d9ae00110c4097,503062,AI,1550252282.5140295,Line2
569,2,5c6712a6d2d9ae00110c47da,503500,AI,1550258856.3109431,Line2
570,2,5c676e0fd2d9ae00110c61be,505059,AI,1550282255.16951,Line2
571,2,5c671c1dd2d9ae00110c4a89,3662,AI,1550261269.7211056,Line1
572,2,5c66f3aad2d9ae00110c3f18,502972,AI,1550250931.6613107,Line2
573,2,5c66c668d2d9ae00110c3247,502200,AI,1550239345.2833588,Line2
574,2,5c66f151d2d9ae00110c3e6e,2933,AI,1550250327.884079,Line1
575,2,5c673008d2d9ae00110c502e,504001,AI,1550266375.794946,Line2
576,2,5c66cfacd2d9ae00110c34e7,502358,AI,1550241716.515031,Line2
577,2,5c66ca1bd2d9ae00110c3353,502263,AI,1550240290.7735238,Line2
578,2,5c66cb36d2d9ae00110c33a4,502282,AI,1550240575.9277692,Line2
579,2,5c66ed72d2d9ae00110c3d54,2867,AI,1550249337.322914,Line1
580,2,5c670bb9d2d9ae00110c45e5,3383,AI,1550257082.0628254,Line1
581,2,5c675973d2d9ae00110c5bea,4709,AI,1550276984.1071863,Line1
582,2,5c66ce27d2d9ae00110c3476,502332,AI,1550241326.3158734,Line2
583,2,5c66c60dd2d9ae00110c322c,2195,AI,1550239251.4183452,Line1
584,2,5c6767e2d2d9ae00110c6000,504954,AI,1550280679.228293,Line2
585,2,5c67571bd2d9ae00110c5b40,504668,AI,1550276386.6605997,Line2
586,2,5c673158d2d9ae00110c508f,504024,AI,1550266721.0729835,Line2
587,2,5c676983d2d9ae00110c6075,4983,AI,1550281096.4767978,Line1
588,2,5c66d16ed2d9ae00110c3566,502388,AI,1550242166.7569127,Line2
589,2,5c66d0a1d2d9ae00110c352d,502374,AI,1550241956.6459126,Line2
590,2,5c66f621d2d9ae00110c3fcb,3015,AI,1550251558.7371585,Line1
591,2,5c67462cd2d9ae00110c5674,504379,AI,1550272049.2097912,Line2
592,2,5c670ac5d2d9ae00110c45a3,3367,AI,1550256841.924461,Line1
593,2,5c66d9b8d2d9ae00110c37bd,502529,AI,1550244282.9824855,Line2
594,2,5c66de5bd2d9ae00110c390f,502608,AI,1550245468.627897,Line2
595,2,5c66c5e1d2d9ae00110c3221,502191,AI,1550239210.201066,Line2
596,2,5c671480d2d9ae00110c4864,3533,AI,1550259333.4819956,Line1
597,2,5c66db28d2d9ae00110c3826,2555,AI,1550244654.6758306,Line1
598,2,5c66e435d2d9ae00110c3ab6,2709,AI,1550246965.8956153,Line1
599,2,5c6718c2d2d9ae00110c4996,3605,AI,1550260414.1929743,Line1
600,2,5c671345d2d9ae00110c480b,503511,AI,1550259021.4165413,Line2
601,2,5c66c785d2d9ae00110c3298,502219,AI,1550239630.450024,Line2
602,2,5c66c7fdd2d9ae00110c32ba,2228,AI,1550239746.70965,Line1
603,2,5c671f68d2d9ae00110c4b7b,3719,AI,1550262125.2072687,Line1
604,2,5c675dc3d2d9ae00110c5d21,4782,AI,1550278079.7219684,Line1
605,2,5c66c63fd2d9ae00110c323a,2198,AI,1550239296.4416726,Line1
606,2,5c670d3bd2d9ae00110c4655,3409,AI,1550257472.2824805,Line1
607,2,5c66f071d2d9ae00110c3e2e,502917,AI,1550250106.1439743,Line2
608,2,5c66c67ad2d9ae00110c324b,502201,AI,1550239360.2912521,Line2
609,2,5c66ecdcd2d9ae00110c3d2b,2857,AI,1550249187.2399778,Line1
610,2,5c67617ad2d9ae00110c5e31,4846,AI,1550279040.2656143,Line1
611,2,5c67196cd2d9ae00110c49c9,3617,AI,1550260594.2806957,Line1
612,2,5c677778d2d9ae00110c646b,505220,AI,1550284671.609899,Line2
613,2,5c673a42d2d9ae00110c5315,4177,AI,1550268999.3627763,Line1
614,2,5c66dee8d2d9ae00110c3938,2619,AI,1550245615.1301103,Line1
615,2,5c66f963d2d9ae00110c40b7,503069,AI,1550252387.5538776,Line2
616,2,5c6732ded2d9ae00110c50fc,4051,AI,1550267108.3503296,Line1
617,2,5c66c69ad2d9ae00110c3254,2204,AI,1550239386.4805925,Line1
618,2,5c66e068d2d9ae00110c39a2,502643,AI,1550245993.889768,Line2
619,2,5c67313ad2d9ae00110c5087,4023,AI,1550266688.1135702,Line1
620,2,5c66d1d5d2d9ae00110c3584,2396,AI,1550242268.3227932,Line1
621,2,5c6748ead2d9ae00110c573c,504426,AI,1550272754.6134355,Line2
622,2,5c66f66bd2d9ae00110c3fe0,3020,AI,1550251633.7731893,Line1
623,2,5c66f530d2d9ae00110c3f87,2999,AI,1550251318.5800705,Line1
624,2,5c67076cd2d9ae00110c44b0,503309,AI,1550255989.617999,Line2
625,2,5c672292d2d9ae00110c4c60,3773,AI,1550262935.7225254,Line1
626,2,5c66cc7fd2d9ae00110c3401,2305,AI,1550240902.5352523,Line1
627,2,5c66f333d2d9ae00110c3ef6,502964,AI,1550250811.6018684,Line2
628,2,5c671840d2d9ae00110c4974,503596,AI,1550260297.2593977,Line2
629,2,5c66d6c2d2d9ae00110c36e9,2480,AI,1550243529.0242321,Line1
630,2,5c66cacdd2d9ae00110c3386,502275,AI,1550240470.877892,Line2
631,2,5c6754eed2d9ae00110c5aa3,504631,AI,1550275831.3575387,Line2
632,2,5c66d311d2d9ae00110c35dd,2417,AI,1550242583.483281,Line1
633,2,5c66dfb5d2d9ae00110c3971,2632,AI,1550245810.2246788,Line1
634,2,5c66d032d2d9ae00110c350d,2368,AI,1550241848.064337,Line1
635,2,5c6715bbd2d9ae00110c48bd,3554,AI,1550259648.7004268,Line1
636,2,5c66fb0cd2d9ae00110c412e,3099,AI,1550252819.4192433,Line1
637,2,5c672b13d2d9ae00110c4ec9,3918,AI,1550265112.093229,Line1
638,2,5c66eb13d2d9ae00110c3ca7,502825,AI,1550248725.35147,Line2
639,2,5c6716abd2d9ae00110c4901,503569,AI,1550259892.0052633,Line2
640,2,5c66c91ad2d9ae00110c3309,2247,AI,1550240031.8871088,Line1
641,2,5c6771fbd2d9ae00110c62db,505126,AI,1550283260.7808466,Line2
642,2,5c67637ad2d9ae00110c5ec1,4880,AI,1550279550.554038,Line1
643,2,5c66e4a0d2d9ae00110c3ad2,2716,AI,1550247070.970495,Line1
644,2,5c66fc0cd2d9ae00110c4178,503115,AI,1550253077.9875407,Line2
645,2,5c674475d2d9ae00110c55f9,504350,AI,1550271613.936787,Line2
646,2,5c66dbced2d9ae00110c3856,2566,AI,1550244819.7568102,Line1
647,2,5c66c9cdd2d9ae00110c333e,2259,AI,1550240211.9848928,Line1
648,2,5c66d708d2d9ae00110c36fc,2484,AI,1550243589.0478907,Line1
649,2,5c67590fd2d9ae00110c5bcf,504701,AI,1550276881.929045,Line2
650,2,5c66f77ad2d9ae00110c402c,503037,AI,1550251907.2683249,Line2
651,2,5c6756edd2d9ae00110c5b34,4666,AI,1550276338.6590934,Line1
652,2,5c66e374d2d9ae00110c3a7f,502695,AI,1550246774.2677207,Line2
653,2,5c66d80dd2d9ae00110c3746,2502,AI,1550243859.1912084,Line1
654,2,5c66d35dd2d9ae00110c35f2,502421,AI,1550242662.0007193,Line2
655,2,5c671c4dd2d9ae00110c4a98,3666,AI,1550261329.7566895,Line1
656,2,5c673719d2d9ae00110c5230,504122,AI,1550268191.954611,Line2
657,2,5c66f67cd2d9ae00110c3fe4,503020,AI,1550251652.1090417,Line2
658,2,5c673ed4d2d9ae00110c5461,504254,AI,1550270173.1255012,Line2
659,2,5c66e060d2d9ae00110c39a0,2644,AI,1550245990.3247023,Line1
660,2,5c67735dd2d9ae00110c6341,5151,AI,1550283618.100708,Line1
661,2,5c672186d2d9ae00110c4c14,503754,AI,1550262668.749217,Line2
662,2,5c66cd70d2d9ae00110c3443,2321,AI,1550241142.6607826,Line1
663,2,5c66cb82d2d9ae00110c33b9,502287,AI,1550240650.9602036,Line2
664,2,5c66e1f5d2d9ae00110c3a15,2671,AI,1550246395.5270383,Line1
665,2,5c66e4b3d2d9ae00110c3ad8,2717,AI,1550247085.9830084,Line1
666,2,5c66df7ed2d9ae00110c3960,2629,AI,1550245765.2150667,Line1
667,2,5c6779a5d2d9ae00110c64fc,5253,AI,1550285148.9939978,Line1
668,2,5c6718cdd2d9ae00110c499b,503605,AI,1550260432.3137412,Line2
669,2,5c676022d2d9ae00110c5dcd,4823,AI,1550278695.065961,Line1
670,2,5c675c48d2d9ae00110c5cb7,4757,AI,1550277704.5591705,Line1
671,2,5c66e489d2d9ae00110c3ad0,2715,AI,1550247055.9456758,Line1
672,2,5c66cb9fd2d9ae00110c33c1,2290,AI,1550240677.4060867,Line1
673,2,5c66ed91d2d9ae00110c3d5e,2869,AI,1550249367.34876,Line1
674,2,5c66cbdad2d9ae00110c33d2,2294,AI,1550240737.4393177,Line1
675,2,5c66cd78d2d9ae00110c3445,502320,AI,1550241146.2236423,Line2
676,2,5c672fd2d2d9ae00110c501f,3999,AI,1550266327.913887,Line1
677,2,5c66dc73d2d9ae00110c3885,502576,AI,1550244988.3597806,Line2
678,2,5c66ec74d2d9ae00110c3d0d,502849,AI,1550249085.5613184,Line2
679,2,5c6739bbd2d9ae00110c52ef,504167,AI,1550268867.3775473,Line2
680,2,5c66debdd2d9ae00110c392b,502615,AI,1550245573.671912,Line2
681,2,5c6721ffd2d9ae00110c4c36,3763,AI,1550262785.635098,Line1
682,2,5c66ca90d2d9ae00110c3375,2272,AI,1550240407.1258788,Line1
683,2,5c672a99d2d9ae00110c4ea5,3910,AI,1550264992.007738,Line1
684,2,5c672b41d2d9ae00110c4ed5,503920,AI,1550265160.1035707,Line2
685,2,5c6747ccd2d9ae00110c56eb,504407,AI,1550272469.4620562,Line2
686,2,5c66ce3fd2d9ae00110c347c,2334,AI,1550241337.780642,Line1
687,2,5c66d08bd2d9ae00110c3526,2374,AI,1550241938.1219616,Line1
688,2,5c674866d2d9ae00110c5716,4418,AI,1550272616.3720534,Line1
689,2,5c66fbd0d2d9ae00110c4167,503111,AI,1550253017.950348,Line2
690,2,5c66d9d9d2d9ae00110c37c8,2532,AI,1550244309.48868,Line1
691,2,5c66cc30d2d9ae00110c33ea,502298,AI,1550240816.0801902,Line2
692,2,5c67765ad2d9ae00110c641a,5202,AI,1550284383.546762,Line1
693,2,5c66cc4ad2d9ae00110c33ee,2301,AI,1550240842.4958715,Line1
694,2,5c66ca2ad2d9ae00110c3357,2265,AI,1550240302.0640962,Line1
695,2,5c66ff55d2d9ae00110c4266,503171,AI,1550253918.4542756,Line2
696,2,5c673386d2d9ae00110c512d,504061,AI,1550267276.4048388,Line2
697,2,5c66cc43d2d9ae00110c33ec,502299,AI,1550240831.0835853,Line2
698,2,5c66da56d2d9ae00110c37ec,2541,AI,1550244444.5706015,Line1
699,2,5c675595d2d9ae00110c5ad2,4643,AI,1550275993.4583821,Line1
700,2,5c6719e5d2d9ae00110c49eb,3625,AI,1550260714.3783875,Line1
701,2,5c671ac6d2d9ae00110c4a2b,3640,AI,1550260939.5057337,Line1
702,2,5c67645ad2d9ae00110c5f01,4895,AI,1550279775.6680825,Line1
703,2,5c671352d2d9ae00110c480d,3513,AI,1550259033.2472873,Line1
704,2,5c66e6c4d2d9ae00110c3b71,2753,AI,1550247626.32576,Line1
705,2,5c670409d2d9ae00110c43ba,503251,AI,1550255119.1068656,Line2
706,2,5c673ee5d2d9ae00110c5465,504255,AI,1550270188.130615,Line2
707,2,5c66cbf9d2d9ae00110c33db,502295,AI,1550240771.0225015,Line2
708,2,5c66d29ad2d9ae00110c35bb,502408,AI,1550242466.9212523,Line2
709,2,5c66f440d2d9ae00110c3f43,502982,AI,1550251081.7758105,Line2
710,2,5c66d82ad2d9ae00110c374f,2504,AI,1550243889.2207246,Line1
711,2,5c66d4ead2d9ae00110c3661,502447,AI,1550243052.291207,Line2
712,2,5c66fa0ed2d9ae00110c40e7,503081,AI,1550252567.6485825,Line2
713,2,5c670334d2d9ae00110c437e,3238,AI,1550254905.705551,Line1
714,2,5c66c839d2d9ae00110c32cb,2232,AI,1550239806.7665534,Line1
715,2,5c66d513d2d9ae00110c366e,2451,AI,1550243093.7644527,Line1
716,2,5c6731b2d2d9ae00110c50a9,4031,AI,1550266808.1796896,Line1
717,2,5c670577d2d9ae00110c4422,3276,AI,1550255476.0162733,Line1
718,2,5c676fe7d2d9ae00110c6246,5092,AI,1550282732.480253,Line1
719,2,5c66fb25d2d9ae00110c4136,503099,AI,1550252837.8094504,Line2
720,2,5c6773e4d2d9ae00110c6367,505159,AI,1550283756.1003146,Line2
721,2,5c66d4a6d2d9ae00110c3650,2444,AI,1550242988.7213285,Line1
722,2,5c66eaded2d9ae00110c3c9b,2823,AI,1550248676.9362142,Line1
723,2,5c66d53cd2d9ae00110c367a,2454,AI,1550243138.8082278,Line1
724,2,5c671442d2d9ae00110c4851,3529,AI,1550259273.447511,Line1
725,2,5c673563d2d9ae00110c51b3,4094,AI,1550267753.698735,Line1
726,2,5c6726e9d2d9ae00110c4d9b,3847,AI,1550264046.3394988,Line1
727,2,5c66d56ad2d9ae00110c3687,502456,AI,1550243187.359823,Line2
728,2,5c66f74dd2d9ae00110c401e,3035,AI,1550251858.916542,Line1
729,2,5c674f99d2d9ae00110c5920,4541,AI,1550274462.4224706,Line1
730,2,5c673556d2d9ae00110c51b0,504092,AI,1550267741.74213,Line2
731,2,5c674af7d2d9ae00110c57d1,4462,AI,1550273276.741966,Line1
732,2,5c670954d2d9ae00110c4539,503341,AI,1550256469.8855906,Line2
733,2,5c66e769d2d9ae00110c3ba0,2764,AI,1550247791.4125862,Line1
734,2,5c671fb3d2d9ae00110c4b90,3724,AI,1550262200.2526698,Line1
735,2,5c66eca7d2d9ae00110c3d1c,502852,AI,1550249130.5929782,Line2
736,2,5c66dd08d2d9ae00110c38b0,2587,AI,1550245134.9240904,Line1
737,2,5c676500d2d9ae00110c5f2e,4906,AI,1550279940.7501087,Line1
738,2,5c674ad9d2d9ae00110c57c8,504459,AI,1550273249.890257,Line2
739,2,5c673f3dd2d9ae00110c547f,4262,AI,1550270275.0587318,Line1
740,2,5c66daded2d9ae00110c3812,502549,AI,1550244583.151814,Line2
741,2,5c670ba5d2d9ae00110c45e0,3382,AI,1550257067.0590494,Line1
742,2,5c66dda0d2d9ae00110c38d8,502596,AI,1550245288.5228298,Line2
743,2,5c66d858d2d9ae00110c375a,2507,AI,1550243934.2393782,Line1
744,2,5c66f952d2d9ae00110c40b2,503068,AI,1550252372.54537,Line2
745,2,5c66e53dd2d9ae00110c3b03,2727,AI,1550247236.0703895,Line1
746,2,5c670731d2d9ae00110c449f,3306,AI,1550255926.3325956,Line1
747,2,5c66d6d6d2d9ae00110c36ed,2481,AI,1550243544.0275638,Line1
748,2,5c66cedcd2d9ae00110c34ab,502344,AI,1550241506.4200807,Line2
749,2,5c66d74ad2d9ae00110c370f,502488,AI,1550243667.6145253,Line2
750,2,5c66e08cd2d9ae00110c39af,2647,AI,1550246035.3466997,Line1
751,2,5c66cefed2d9ae00110c34b4,502346,AI,1550241536.4338808,Line2
752,2,5c66d768d2d9ae00110c3718,502490,AI,1550243697.6274729,Line2
753,2,5c66fcc1d2d9ae00110c41ab,503127,AI,1550253258.1106386,Line2
754,2,5c66d81cd2d9ae00110c374b,502502,AI,1550243877.7210753,Line2
755,2,5c67360dd2d9ae00110c51e3,4105,AI,1550267918.7704196,Line1
756,2,5c66d320d2d9ae00110c35e1,502417,AI,1550242601.9763408,Line2
757,2,5c67736bd2d9ae00110c6345,505151,AI,1550283636.0009034,Line2
758,2,5c66d28ad2d9ae00110c35b7,2408,AI,1550242448.4282887,Line1
759,2,5c66ce9cd2d9ae00110c349a,2341,AI,1550241442.8459547,Line1
760,2,5c66d83fd2d9ae00110c3755,502504,AI,1550243907.7284174,Line2
761,2,5c66c966d2d9ae00110c3320,502251,AI,1550240110.683351,Line2
762,2,5c66fcd3d2d9ae00110c41af,503128,AI,1550253273.1149774,Line2
763,2,5c6779c3d2d9ae00110c6506,505259,AI,1550285256.9418344,Line2
764,2,5c670cd7d2d9ae00110c463a,503401,AI,1550257370.362644,Line2
765,2,5c66d430d2d9ae00110c362e,502435,AI,1550242872.172507,Line2
766,2,5c66d9b1d2d9ae00110c37bb,2530,AI,1550244279.480761,Line1
767,2,5c67101ad2d9ae00110c4725,3458,AI,1550258207.6938446,Line1
768,2,5c66d8c0d2d9ae00110c3779,2514,AI,1550244039.2898476,Line1
769,2,5c674df5d2d9ae00110c58a9,504512,AI,1550274045.3199482,Line2
770,2,5c66fac4d2d9ae00110c411a,503093,AI,1550252747.7609923,Line2
771,2,5c670821d2d9ae00110c44e3,503321,AI,1550256169.7220967,Line2
772,2,5c66e608d2d9ae00110c3b3a,502739,AI,1550247434.6416004,Line2
773,2,5c66e041d2d9ae00110c3999,2642,AI,1550245960.3002768,Line1
774,2,5c66fa86d2d9ae00110c4109,503089,AI,1550252687.7310615,Line2
775,2,5c66da93d2d9ae00110c37fd,502544,AI,1550244508.115617,Line2
776,2,5c66f2d8d2d9ae00110c3edd,2959,AI,1550250718.1312513,Line1
777,2,5c66dabfd2d9ae00110c380a,2548,AI,1550244549.6223557,Line1
778,2,5c67540fd2d9ae00110c5a63,504616,AI,1550275606.2276304,Line2
779,2,5c670f85d2d9ae00110c46fb,503447,AI,1550258060.8101559,Line2
780,2,5c66ed7ad2d9ae00110c3d56,502866,AI,1550249340.7017703,Line2
781,2,5c66db30d2d9ae00110c3828,502554,AI,1550244658.2109075,Line2
782,2,5c671733d2d9ae00110c4928,3579,AI,1550260023.9570765,Line1
783,2,5c6740d2d2d9ae00110c54f1,4289,AI,1550270680.2961588,Line1
784,2,5c66ef7ad2d9ae00110c3de6,502900,AI,1550249850.9879558,Line2
785,2,5c6714bcd2d9ae00110c4875,503536,AI,1550259396.675225,Line2
786,2,5c66db92d2d9ae00110c3845,2562,AI,1550244759.7213645,Line1
787,2,5c66dc56d2d9ae00110c387d,502574,AI,1550244958.3449616,Line2
788,2,5c66d4f6d2d9ae00110c3665,2449,AI,1550243063.7512035,Line1
789,2,5c66db57d2d9ae00110c3834,502557,AI,1550244703.2307389,Line2
790,2,5c66edebd2d9ae00110c3d78,502874,AI,1550249460.7628403,Line2
791,2,5c66dbb2d2d9ae00110c384e,502563,AI,1550244793.2602854,Line2
792,2,5c673a14d2d9ae00110c5309,504173,AI,1550268957.439296,Line2
793,2,5c66db7bd2d9ae00110c383f,502559,AI,1550244733.2423131,Line2
794,2,5c670127d2d9ae00110c42ea,3203,AI,1550254380.3652897,Line1
795,2,5c66dd90d2d9ae00110c38d6,2596,AI,1550245269.98473,Line1
796,2,5c672311d2d9ae00110c4c82,503780,AI,1550263058.951092,Line2
797,2,5c677212d2d9ae00110c62e3,5129,AI,1550283287.8519528,Line1
798,2,5c66de43d2d9ae00110c3907,2608,AI,1550245450.0600011,Line1
799,2,5c6711ebd2d9ae00110c47a9,503488,AI,1550258676.1885183,Line2
800,2,5c673708d2d9ae00110c522c,504121,AI,1550268176.944937,Line2
801,2,5c67420ed2d9ae00110c554b,4310,AI,1550270995.4633822,Line1
802,2,5c66f1d9d2d9ae00110c3e94,2942,AI,1550250462.9615543,Line1
803,2,5c677489d2d9ae00110c6394,5171,AI,1550283918.280825,Line1
804,2,5c676d2bd2d9ae00110c617f,5045,AI,1550282027.0283234,Line1
805,2,5c66f19dd2d9ae00110c3e83,502937,AI,1550250406.3525462,Line2
806,2,5c66e1b9d2d9ae00110c3a04,2667,AI,1550246335.4958777,Line1
807,2,5c673ad8d2d9ae00110c5340,4187,AI,1550269149.4582448,Line1
808,2,5c66d041d2d9ae00110c3511,502368,AI,1550241866.602727,Line2
809,2,5c66de9ed2d9ae00110c3922,502613,AI,1550245543.6572573,Line2
810,2,5c676334d2d9ae00110c5eae,504874,AI,1550279478.5024712,Line2
811,2,5c66d609d2d9ae00110c36b4,502466,AI,1550243337.4342334,Line2
812,2,5c6727ced2d9ae00110c4ddb,3862,AI,1550264271.5445023,Line1
813,2,5c66dfddd2d9ae00110c397c,2635,AI,1550245855.2440941,Line1
814,2,5c671505d2d9ae00110c488a,3542,AI,1550259468.5894456,Line1
815,2,5c675920d2d9ae00110c5bd3,504702,AI,1550276896.9359715,Line2
816,2,5c66f711d2d9ae00110c400f,503030,AI,1550251802.2123034,Line2
817,2,5c67352fd2d9ae00110c51a4,504089,AI,1550267696.7048843,Line2
818,2,5c66df06d2d9ae00110c3940,2621,AI,1550245645.1458237,Line1
819,2,5c670045d2d9ae00110c42aa,503187,AI,1550254158.5817788,Line2
820,2,5c66fcf5d2d9ae00110c41b8,503130,AI,1550253303.12729,Line2
821,2,5c66f5f4d2d9ae00110c3fbe,3012,AI,1550251513.7191038,Line1
822,2,5c66e303d2d9ae00110c3a61,502688,AI,1550246669.207574,Line2
823,2,5c66c685d2d9ae00110c3250,2203,AI,1550239371.4696722,Line1
824,2,5c672d20d2d9ae00110c4f5d,3953,AI,1550265637.4633205,Line1
825,2,5c66ea75d2d9ae00110c3c7d,2816,AI,1550248571.8718665,Line1
826,2,5c66df86d2d9ae00110c3962,502628,AI,1550245768.7792006,Line2
827,2,5c66e66fd2d9ae00110c3b58,2747,AI,1550247536.2768097,Line1
828,2,5c66c6b6d2d9ae00110c325a,502205,AI,1550239420.3168778,Line2
829,2,5c671745d2d9ae00110c492c,3580,AI,1550260038.9620159,Line1
830,2,5c672bb3d2d9ae00110c4ef3,503927,AI,1550265265.1556497,Line2
831,2,5c66ee85d2d9ae00110c3da0,2885,AI,1550249607.4917238,Line1
832,2,5c66df9fd2d9ae00110c3969,2631,AI,1550245795.22336,Line1
833,2,5c66e019d2d9ae00110c398d,2639,AI,1550245915.2729957,Line1
834,2,5c66f025d2d9ae00110c3e17,2913,AI,1550250027.7108183,Line1
835,2,5c671cadd2d9ae00110c4ab3,503671,AI,1550261422.9094996,Line2
836,2,5c66d1ead2d9ae00110c3588,502396,AI,1550242286.813732,Line2
837,2,5c672d53d2d9ae00110c4f6a,503955,AI,1550265685.3959417,Line2
838,2,5c6707f4d2d9ae00110c44d7,3319,AI,1550256121.5198114,Line1
839,2,5c66e17ed2d9ae00110c39f3,2663,AI,1550246275.4697354,Line1
840,2,5c67017fd2d9ae00110c4303,3209,AI,1550254470.4109633,Line1
841,2,5c67202bd2d9ae00110c4bb2,503731,AI,1550262323.514931,Line2
842,2,5c66fc1dd2d9ae00110c417c,503116,AI,1550253092.9923615,Line2
843,2,5c66edfcd2d9ae00110c3d7c,502875,AI,1550249475.7761135,Line2
844,2,5c66dda7d2d9ae00110c38da,2597,AI,1550245284.9897625,Line1
845,2,5c66dd62d2d9ae00110c38c9,2593,AI,1550245224.9729395,Line1
846,2,5c66ebc9d2d9ae00110c3cdd,502837,AI,1550248905.4831266,Line2
847,2,5c66d18bd2d9ae00110c356f,502390,AI,1550242196.77722,Line2
848,2,5c6727bbd2d9ae00110c4dd6,3861,AI,1550264256.5331004,Line1
849,2,5c66e228d2d9ae00110c3a23,502673,AI,1550246444.0996192,Line2
850,2,5c6700bcd2d9ae00110c42ca,3196,AI,1550254275.2968533,Line1
851,2,5c670145d2d9ae00110c42f2,503204,AI,1550254413.711373,Line2
852,2,5c672238d2d9ae00110c4c47,503766,AI,1550262848.8350418,Line2
853,2,5c670158d2d9ae00110c42f9,503205,AI,1550254428.7194643,Line2
854,2,5c670194d2d9ae00110c4308,503209,AI,1550254488.7537465,Line2
855,2,5c6701dad2d9ae00110c431d,503214,AI,1550254563.790359,Line2
856,2,5c6701ead2d9ae00110c4321,3216,AI,1550254575.4657335,Line1
857,2,5c671ba7d2d9ae00110c4a6b,503654,AI,1550261167.722138,Line2
858,2,5c670208d2d9ae00110c4329,503217,AI,1550254608.8205016,Line2
859,2,5c67405ad2d9ae00110c54cf,504280,AI,1550270563.3496995,Line2
860,2,5c66f6e4d2d9ae00110c4002,503027,AI,1550251757.1833794,Line2
861,2,5c670217d2d9ae00110c432e,3219,AI,1550254620.4987934,Line1
862,2,5c67029ed2d9ae00110c4354,503227,AI,1550254758.8902907,Line2
863,2,5c676b93d2d9ae00110c610c,505017,AI,1550281624.809899,Line2
864,2,5c670352d2d9ae00110c4387,3240,AI,1550254935.7316806,Line1
865,2,5c670362d2d9ae00110c438b,503240,AI,1550254954.043111,Line2
866,2,5c67038ed2d9ae00110c4398,503243,AI,1550254999.0547757,Line2
867,2,5c67179cd2d9ae00110c4946,3586,AI,1550260129.027295,Line1
868,2,5c676479d2d9ae00110c5f09,4897,AI,1550279805.676054,Line1
869,2,5c6703cad2d9ae00110c43a9,3248,AI,1550255055.7957852,Line1
870,2,5c6774c5d2d9ae00110c63a5,5175,AI,1550283978.3157728,Line1
871,2,5c67042fd2d9ae00110c43c5,503253,AI,1550255149.1192248,Line2
872,2,5c670449d2d9ae00110c43cd,503255,AI,1550255179.1289265,Line2
873,2,5c670a1fd2d9ae00110c4574,503355,AI,1550256679.989182,Line2
874,2,5c67708cd2d9ae00110c6275,5103,AI,1550282897.6220675,Line1
875,2,5c6704e7d2d9ae00110c43fa,503266,AI,1550255344.214329,Line2
876,2,5c670cabd2d9ae00110c462b,503398,AI,1550257325.3516607,Line2
877,2,5c66e209d2d9ae00110c3a19,2672,AI,1550246410.5283027,Line1
878,2,5c6713fdd2d9ae00110c483e,3524,AI,1550259198.3680513,Line1
879,2,5c675568d2d9ae00110c5ac5,504639,AI,1550275951.427658,Line2
880,2,5c66f256d2d9ae00110c3eb6,2950,AI,1550250583.0303273,Line1
881,2,5c670514d2d9ae00110c4406,503269,AI,1550255389.2374954,Line2
882,2,5c670542d2d9ae00110c4413,503272,AI,1550255434.2672884,Line2
883,2,5c67054fd2d9ae00110c4417,3274,AI,1550255446.0073862,Line1
884,2,5c6712ced2d9ae00110c47e7,3503,AI,1550258883.1551354,Line1
885,2,5c671f2bd2d9ae00110c4b6a,503714,AI,1550262068.3493938,Line2
886,2,5c670564d2d9ae00110c441c,3275,AI,1550255461.011397,Line1
887,2,5c6740a5d2d9ae00110c54e5,504285,AI,1550270638.3856535,Line2
888,2,5c66d947d2d9ae00110c37a0,2523,AI,1550244174.3769515,Line1
889,2,5c6732e5d2d9ae00110c50fe,504050,AI,1550267111.3361304,Line2
890,2,5c6705bdd2d9ae00110c4435,3281,AI,1550255551.0776367,Line1
891,2,5c66d13fd2d9ae00110c3559,2386,AI,1550242118.1936817,Line1
892,2,5c670605d2d9ae00110c444a,3286,AI,1550255626.1451213,Line1
893,2,5c66dca0d2d9ae00110c3892,502579,AI,1550245033.3820922,Line2
894,2,5c670614d2d9ae00110c444d,503286,AI,1550255644.4233036,Line2
895,2,5c67063ad2d9ae00110c4459,3289,AI,1550255671.1742287,Line1
896,2,5c66dbfbd2d9ae00110c3863,502568,AI,1550244868.2979457,Line2
897,2,5c673695d2d9ae00110c5208,504113,AI,1550268056.9034605,Line2
898,2,5c67635ed2d9ae00110c5eb9,504877,AI,1550279523.5346339,Line2
899,2,5c670660d2d9ae00110c4464,503291,AI,1550255719.4627426,Line2
900,2,5c66fceed2d9ae00110c41b6,3131,AI,1550253299.7174108,Line1
901,2,5c6706d8d2d9ae00110c4484,503299,AI,1550255839.5449996,Line2
902,2,5c6706f5d2d9ae00110c448e,503301,AI,1550255869.5650496,Line2
903,2,5c670aa6d2d9ae00110c459a,3365,AI,1550256811.9212177,Line1
904,2,5c670711d2d9ae00110c4497,3304,AI,1550255896.314572,Line1
905,2,5c6735b6d2d9ae00110c51cc,4099,AI,1550267828.7288244,Line1
906,2,5c674016d2d9ae00110c54ba,504275,AI,1550270488.3047378,Line2
907,2,5c66f3f5d2d9ae00110c3f2d,502977,AI,1550251006.7120621,Line2
908,2,5c67074fd2d9ae00110c44a8,3308,AI,1550255956.377474,Line1
909,2,5c670789d2d9ae00110c44b9,3312,AI,1550256016.4278681,Line1
910,2,5c6722b9d2d9ae00110c4c6b,3775,AI,1550262965.7400908,Line1
911,2,5c67079ed2d9ae00110c44bd,3313,AI,1550256031.435479,Line1
912,2,5c6707bdd2d9ae00110c44c8,503314,AI,1550256064.661791,Line2
913,2,5c670f39d2d9ae00110c46e6,503442,AI,1550257985.776515,Line2
914,2,5c67389dd2d9ae00110c529e,504148,AI,1550268582.2262602,Line2
915,2,5c676ba3d2d9ae00110c6110,5019,AI,1550281636.8027546,Line1
916,2,5c6707e5d2d9ae00110c44d2,503317,AI,1550256109.6853805,Line2
917,2,5c66d052d2d9ae00110c3515,502369,AI,1550241881.6073568,Line2
918,2,5c67084ed2d9ae00110c44ee,3325,AI,1550256211.5415487,Line1
919,2,5c670861d2d9ae00110c44f5,3326,AI,1550256226.5437236,Line1
920,2,5c6708e4d2d9ae00110c451b,503334,AI,1550256364.817679,Line2
921,2,5c67634dd2d9ae00110c5eb4,504876,AI,1550279508.5323477,Line2
922,2,5c67092fd2d9ae00110c4530,3340,AI,1550256436.697198,Line1
923,2,5c67094dd2d9ae00110c4536,3342,AI,1550256466.7276747,Line1
924,2,5c672de3d2d9ae00110c4f93,3966,AI,1550265832.6106353,Line1
925,2,5c67099fd2d9ae00110c454e,503346,AI,1550256544.9336321,Line2
926,2,5c6709e2d2d9ae00110c4561,3352,AI,1550256616.8031015,Line1
927,2,5c6746e3d2d9ae00110c56a7,4392,AI,1550272226.1625018,Line1
928,2,5c6709e9d2d9ae00110c4563,503351,AI,1550256619.960798,Line2
929,2,5c67421dd2d9ae00110c554d,504310,AI,1550271013.5986786,Line2
930,2,5c66f54ed2d9ae00110c3f8d,3001,AI,1550251348.5968266,Line1
931,2,5c66e123d2d9ae00110c39d7,2657,AI,1550246185.425283,Line1
932,2,5c6709f5d2d9ae00110c4565,3353,AI,1550256631.8093123,Line1
933,2,5c672f00d2d9ae00110c4fe5,3985,AI,1550266117.7875588,Line1
934,2,5c674959d2d9ae00110c575a,504433,AI,1550272859.663817,Line2
935,2,5c6709fdd2d9ae00110c4567,503352,AI,1550256634.968612,Line2
936,2,5c670a09d2d9ae00110c456c,3354,AI,1550256646.8183935,Line1
937,2,5c672932d2d9ae00110c4e41,503885,AI,1550264634.8217459,Line2
938,2,5c670a4cd2d9ae00110c4581,503358,AI,1550256725.0196843,Line2
939,2,5c6721ecd2d9ae00110c4c30,3762,AI,1550262770.6292338,Line1
940,2,5c66ff28d2d9ae00110c4257,3169,AI,1550253870.0862944,Line1
941,2,5c673375d2d9ae00110c5128,504060,AI,1550267261.3977203,Line2
942,2,5c6759afd2d9ae00110c5bfb,504712,AI,1550277047.0168436,Line2
943,2,5c66d6ead2d9ae00110c36f3,2482,AI,1550243559.0348406,Line1
944,2,5c670a7bd2d9ae00110c458d,503361,AI,1550256770.0427911,Line2
945,2,5c67279dd2d9ae00110c4dce,3859,AI,1550264226.479118,Line1
946,2,5c66f6bbd2d9ae00110c3ff5,3025,AI,1550251708.829412,Line1
947,2,5c670af1d2d9ae00110c45af,503369,AI,1550256890.1077087,Line2
948,2,5c670b3dd2d9ae00110c45c5,3375,AI,1550256962.0050454,Line1
949,2,5c66faa5d2d9ae00110c4112,503091,AI,1550252717.746842,Line2
950,2,5c66e7e1d2d9ae00110c3bc2,2772,AI,1550247911.5074904,Line1
951,2,5c670b4bd2d9ae00110c45c9,503375,AI,1550256980.1523013,Line2
952,2,5c670b87d2d9ae00110c45da,503379,AI,1550257040.184332,Line2
953,2,5c671272d2d9ae00110c47cf,3498,AI,1550258808.1147134,Line1
954,2,5c670badd2d9ae00110c45e3,503381,AI,1550257070.2011368,Line2
955,2,5c66d46bd2d9ae00110c363f,502439,AI,1550242932.2186375,Line2
956,2,5c670bc0d2d9ae00110c45e7,503382,AI,1550257085.2050264,Line2
957,2,5c670bccd2d9ae00110c45eb,3384,AI,1550257097.0723479,Line1
958,2,5c673419d2d9ae00110c5157,4072,AI,1550267423.5221672,Line1
959,2,5c66ef8bd2d9ae00110c3ded,502901,AI,1550249865.9969473,Line2
960,2,5c670bead2d9ae00110c45f6,3386,AI,1550257127.080122,Line1
961,2,5c66faffd2d9ae00110c412b,503097,AI,1550252807.7921314,Line2
962,2,5c670c00d2d9ae00110c45fc,503387,AI,1550257160.2548397,Line2
963,2,5c670c19d2d9ae00110c4600,3389,AI,1550257172.1041255,Line1
964,2,5c671e69d2d9ae00110c4b33,503701,AI,1550261873.2518456,Line2
965,2,5c670efdd2d9ae00110c46d5,3439,AI,1550257922.5391634,Line1
966,2,5c670c2fd2d9ae00110c4609,503390,AI,1550257205.2712445,Line2
967,2,5c66fd2dd2d9ae00110c41c9,503134,AI,1550253363.150304,Line2
968,2,5c671c97d2d9ae00110c4aaf,503670,AI,1550261407.9011183,Line2
969,2,5c670c59d2d9ae00110c4615,503393,AI,1550257250.2969704,Line2
970,2,5c670cf0d2d9ae00110c4640,503403,AI,1550257400.3867111,Line2
971,2,5c672f52d2d9ae00110c4ffb,503989,AI,1550266195.6886947,Line2
972,2,5c676577d2d9ae00110c5f52,4914,AI,1550280060.8429337,Line1
973,2,5c670d03d2d9ae00110c4646,503404,AI,1550257415.3932056,Line2
974,2,5c674d5dd2d9ae00110c587f,4503,AI,1550273892.069975,Line1
975,2,5c66ebfcd2d9ae00110c3ceb,502841,AI,1550248965.5065935,Line2
976,2,5c66d860d2d9ae00110c375c,502506,AI,1550243937.7420073,Line2
977,2,5c670d85d2d9ae00110c4668,3414,AI,1550257547.3078187,Line1
978,2,5c66f904d2d9ae00110c4099,3064,AI,1550252294.159121,Line1
979,2,5c670e0dd2d9ae00110c4691,503422,AI,1550257685.5764737,Line2
980,2,5c670d8cd2d9ae00110c466b,503413,AI,1550257550.464611,Line2
981,2,5c670da3d2d9ae00110c4673,3416,AI,1550257577.3253062,Line1
982,2,5c66f8b7d2d9ae00110c4086,503058,AI,1550252222.4533176,Line2
983,2,5c66d202d2d9ae00110c3591,2399,AI,1550242313.3431866,Line1
984,2,5c670dc0d2d9ae00110c467b,3418,AI,1550257607.361161,Line1
985,2,5c66fe74d2d9ae00110c4226,503156,AI,1550253693.3466518,Line2
986,2,5c670e2ad2d9ae00110c4699,503424,AI,1550257715.5944722,Line2
987,2,5c670e67d2d9ae00110c46aa,3429,AI,1550257772.4553504,Line1
988,2,5c6767afd2d9ae00110c5ff1,4951,AI,1550280616.1874673,Line1
989,2,5c671633d2d9ae00110c48df,3562,AI,1550259768.7933152,Line1
990,2,5c672d4cd2d9ae00110c4f68,3956,AI,1550265682.4882343,Line1
991,2,5c67367bd2d9ae00110c5201,4112,AI,1550268023.8269963,Line1
992,2,5c670ebfd2d9ae00110c46c4,3435,AI,1550257862.509104,Line1
993,2,5c670f48d2d9ae00110c46ea,3444,AI,1550257997.5931146,Line1
994,2,5c6742a8d2d9ae00110c5575,4320,AI,1550271145.533783,Line1
995,2,5c66c948d2d9ae00110c3317,502249,AI,1550240080.6746745,Line2
996,2,5c670f5bd2d9ae00110c46ee,3445,AI,1550258012.599908,Line1
997,2,5c670f66d2d9ae00110c46f0,503445,AI,1550258030.7953231,Line2
998,2,5c670fa2d2d9ae00110c4703,503449,AI,1550258090.8267908,Line2
999,2,5c676d53d2d9ae00110c618b,505047,AI,1550282075.0598123,Line2
1000,2,5c66ef44d2d9ae00110c3dd9,2898,AI,1550249802.6043034,Line1
1001,2,5c670fded2d9ae00110c4714,3454,AI,1550258147.669021,Line1
1002,2,5c671083d2d9ae00110c4743,3465,AI,1550258312.7429957,Line1
1003,2,5c676790d2d9ae00110c5fe7,4949,AI,1550280586.1730497,Line1
1004,2,5c671d3dd2d9ae00110c4ade,3682,AI,1550261569.9032784,Line1
1005,2,5c670f1bd2d9ae00110c46dd,503440,AI,1550257955.7461529,Line2
1006,2,5c6710fbd2d9ae00110c4765,3473,AI,1550258432.8243,Line1
1007,2,5c67110fd2d9ae00110c476a,3474,AI,1550258447.8555174,Line1
1008,2,5c671219d2d9ae00110c47b6,3492,AI,1550258718.034647,Line1
1009,2,5c672d7ad2d9ae00110c4f77,3959,AI,1550265727.5094798,Line1
1010,2,5c672ce4d2d9ae00110c4f4c,3949,AI,1550265577.4119165,Line1
1011,2,5c6721f3d2d9ae00110c4c32,503761,AI,1550262773.8026433,Line2
1012,2,5c67186cd2d9ae00110c497f,3600,AI,1550260339.1658595,Line1
1013,2,5c66db6ad2d9ae00110c383b,502558,AI,1550244718.2380292,Line2
1014,2,5c6712c3d2d9ae00110c47e3,503502,AI,1550258886.3309484,Line2
1015,2,5c66ffebd2d9ae00110c4290,3182,AI,1550254065.195483,Line1
1016,2,5c67135ad2d9ae00110c480f,503512,AI,1550259036.4319386,Line2
1017,2,5c671372d2d9ae00110c4818,3515,AI,1550259063.2820807,Line1
1018,2,5c673241d2d9ae00110c50cf,504039,AI,1550266946.2378728,Line2
1019,2,5c671380d2d9ae00110c481c,503515,AI,1550259081.4538846,Line2
1020,2,5c672f3bd2d9ae00110c4ff6,503988,AI,1550266180.6754694,Line2
1021,2,5c6713aed2d9ae00110c4827,3519,AI,1550259123.3217928,Line1
1022,2,5c67144ad2d9ae00110c4853,503528,AI,1550259276.5730531,Line2
1023,2,5c66e12bd2d9ae00110c39d9,502656,AI,1550246188.989383,Line2
1024,2,5c671461d2d9ae00110c485a,3531,AI,1550259303.4682875,Line1
1025,2,5c672ee2d2d9ae00110c4fdd,503982,AI,1550266090.6317391,Line2
1026,2,5c671561d2d9ae00110c48a4,3548,AI,1550259558.6385772,Line1
1027,2,5c67167fd2d9ae00110c48f5,503566,AI,1550259846.9742115,Line2
1028,2,5c6753a4d2d9ae00110c5a46,504609,AI,1550275501.181527,Line2
1029,2,5c6716d8d2d9ae00110c490e,503572,AI,1550259937.0199845,Line2
1030,2,5c671759d2d9ae00110c4932,3581,AI,1550260053.9745123,Line1
1031,2,5c675e15d2d9ae00110c5d38,504787,AI,1550278172.7288885,Line2
1032,2,5c66ca55d2d9ae00110c3364,502267,AI,1550240350.7977233,Line2
1033,2,5c67368ed2d9ae00110c5206,4113,AI,1550268038.832471,Line1
1034,2,5c6717b9d2d9ae00110c494e,503587,AI,1550260162.1488476,Line2
1035,2,5c671805d2d9ae00110c4963,3593,AI,1550260234.1065164,Line1
1036,2,5c66e600d2d9ae00110c3b38,2740,AI,1550247431.2180984,Line1
1037,2,5c672fdad2d9ae00110c5021,503998,AI,1550266330.776979,Line2
1038,2,5c671822d2d9ae00110c496c,3595,AI,1550260264.1303053,Line1
1039,2,5c67184fd2d9ae00110c4978,3598,AI,1550260309.156558,Line1
1040,2,5c66eac1d2d9ae00110c3c92,502820,AI,1550248650.311324,Line2
1041,2,5c67189bd2d9ae00110c498e,3603,AI,1550260384.1817756,Line1
1042,2,5c67783cd2d9ae00110c64a2,505233,AI,1550284866.713853,Line2
1043,2,5c671d16d2d9ae00110c4ad1,503678,AI,1550261527.971106,Line2
1044,2,5c66d8eed2d9ae00110c3786,2517,AI,1550244084.3289568,Line1
1045,2,5c6718b9d2d9ae00110c4994,503604,AI,1550260417.3029547,Line2
1046,2,5c670ae2d2d9ae00110c45ab,3369,AI,1550256871.9400604,Line1
1047,2,5c6718e7d2d9ae00110c49a1,503607,AI,1550260462.329233,Line2
1048,2,5c675e09d2d9ae00110c5d36,4787,AI,1550278154.752508,Line1
1049,2,5c671f0cd2d9ae00110c4b61,3713,AI,1550262035.1623874,Line1
1050,2,5c671d27d2d9ae00110c4ad7,503679,AI,1550261542.9829462,Line2
1051,2,5c673771d2d9ae00110c5249,4129,AI,1550268278.9415324,Line1
1052,2,5c6776c4d2d9ae00110c6438,505208,AI,1550284491.5226448,Line2
1053,2,5c66f07fd2d9ae00110c3e33,2919,AI,1550250117.7597558,Line1
1054,2,5c671901d2d9ae00110c49a9,3609,AI,1550260474.2262623,Line1
1055,2,5c673ccbd2d9ae00110c53cc,4220,AI,1550269644.6950457,Line1
1056,2,5c66e331d2d9ae00110c3a6e,502691,AI,1550246714.2332506,Line2
1057,2,5c6719d6d2d9ae00110c49e7,503623,AI,1550260702.481356,Line2
1058,2,5c671a12d2d9ae00110c49f8,3628,AI,1550260759.3976233,Line1
1059,2,5c671fc6d2d9ae00110c4b94,3725,AI,1550262215.2582788,Line1
1060,2,5c672a6ed2d9ae00110c4e9a,3907,AI,1550264946.9889042,Line1
1061,2,5c671b02d2d9ae00110c4a3c,3644,AI,1550260999.564772,Line1
1062,2,5c6734ddd2d9ae00110c518c,504084,AI,1550267621.6407244,Line2
1063,2,5c671b11d2d9ae00110c4a40,503644,AI,1550261017.6534336,Line2
1064,2,5c672851d2d9ae00110c4e01,3871,AI,1550264406.6157973,Line1
1065,2,5c671b20d2d9ae00110c4a45,3646,AI,1550261029.5801418,Line1
1066,2,5c672c12d2d9ae00110c4f11,3935,AI,1550265367.2499669,Line1
1067,2,5c66d45bd2d9ae00110c363b,2439,AI,1550242913.6802187,Line1
1068,2,5c6737e9d2d9ae00110c526b,4137,AI,1550268399.023341,Line1
1069,2,5c66cc18d2d9ae00110c33e1,2298,AI,1550240797.4720235,Line1
1070,2,5c671b4dd2d9ae00110c4a51,3649,AI,1550261074.6012993,Line1
1071,2,5c671b63d2d9ae00110c4a56,3650,AI,1550261089.6066391,Line1
1072,2,5c671c24d2d9ae00110c4a8b,503662,AI,1550261287.8120518,Line2
1073,2,5c66e868d2d9ae00110c3be8,2781,AI,1550248046.5710092,Line1
1074,2,5c671b6fd2d9ae00110c4a5a,503650,AI,1550261107.6918988,Line2
1075,2,5c675d61d2d9ae00110c5d07,504775,AI,1550277992.6185322,Line2
1076,2,5c671be3d2d9ae00110c4a7c,3659,AI,1550261224.6927876,Line1
1077,2,5c66d6a5d2d9ae00110c36e0,502477,AI,1550243502.5439732,Line2
1078,2,5c6735d4d2d9ae00110c51d4,4101,AI,1550267858.7459762,Line1
1079,2,5c67625bd2d9ae00110c5e70,4861,AI,1550279265.4051397,Line1
1080,2,5c671bf6d2d9ae00110c4a80,3660,AI,1550261239.701813,Line1
1081,2,5c671c35d2d9ae00110c4a91,503663,AI,1550261302.8422704,Line2
1082,2,5c671d0ed2d9ae00110c4acf,3679,AI,1550261524.8758364,Line1
1083,2,5c671d87d2d9ae00110c4af3,503686,AI,1550261648.0564306,Line2
1084,2,5c671d96d2d9ae00110c4af7,3688,AI,1550261659.9499254,Line1
1085,2,5c671db4d2d9ae00110c4b00,3690,AI,1550261689.9693592,Line1
1086,2,5c671dc3d2d9ae00110c4b04,503690,AI,1550261708.1063528,Line2
1087,2,5c66d401d2d9ae00110c361f,2433,AI,1550242823.6227467,Line1
1088,2,5c671e49d2d9ae00110c4b2a,3700,AI,1550261840.0634527,Line1
1089,2,5c66d5bad2d9ae00110c369c,2462,AI,1550243258.8627949,Line1
1090,2,5c673000d2d9ae00110c502c,4002,AI,1550266372.935762,Line1
1091,2,5c671ea5d2d9ae00110c4b44,3706,AI,1550261930.1053195,Line1
1092,2,5c66db1ad2d9ae00110c3823,502553,AI,1550244643.1879265,Line2
1093,2,5c671fa4d2d9ae00110c4b8c,503722,AI,1550262188.433174,Line2
1094,2,5c672075d2d9ae00110c4bc7,503736,AI,1550262398.571153,Line2
1095,2,5c6720b2d2d9ae00110c4bd8,3741,AI,1550262455.3937593,Line1
1096,2,5c671182d2d9ae00110c478b,503481,AI,1550258571.0997376,Line2
1097,2,5c6720fdd2d9ae00110c4bee,503745,AI,1550262533.680636,Line2
1098,2,5c6758d5d2d9ae00110c5bbc,4698,AI,1550276818.9868066,Line1
1099,2,5c67211bd2d9ae00110c4bf6,503747,AI,1550262563.6975222,Line2
1100,2,5c672148d2d9ae00110c4c03,3751,AI,1550262605.5029411,Line1
1101,2,5c67221ed2d9ae00110c4c40,503764,AI,1550262818.8204634,Line2
1102,2,5c672265d2d9ae00110c4c54,3770,AI,1550262890.7008262,Line1
1103,2,5c6722a5d2d9ae00110c4c65,3774,AI,1550262950.7316518,Line1
1104,2,5c66f363d2d9ae00110c3f03,2968,AI,1550250853.2319078,Line1
1105,2,5c6722e2d2d9ae00110c4c78,503777,AI,1550263013.92614,Line2
1106,2,5c672391d2d9ae00110c4ca9,503789,AI,1550263194.0244186,Line2
1107,2,5c66ee64d2d9ae00110c3d98,2883,AI,1550249577.4735096,Line1
1108,2,5c6723fad2d9ae00110c4cc6,503796,AI,1550263299.0739646,Line2
1109,2,5c66d503d2d9ae00110c3669,502449,AI,1550243082.3057811,Line2
1110,2,5c672427d2d9ae00110c4cd3,3800,AI,1550263340.9632792,Line1
1111,2,5c672490d2d9ae00110c4cf1,503806,AI,1550263449.1464863,Line2
1112,2,5c672dead2d9ae00110c4f95,503965,AI,1550265835.4871242,Line2
1113,2,5c6724e9d2d9ae00110c4d08,3813,AI,1550263536.0726645,Line1
1114,2,5c6724f1d2d9ae00110c4d0a,503812,AI,1550263539.2004032,Line2
1115,2,5c67259ed2d9ae00110c4d3d,503824,AI,1550263719.2903724,Line2
1116,2,5c6725bdd2d9ae00110c4d46,503826,AI,1550263749.308925,Line2
1117,2,5c672643d2d9ae00110c4d6c,3836,AI,1550263881.2472236,Line1
1118,2,5c67041dd2d9ae00110c43be,503252,AI,1550255134.1162388,Line2
1119,2,5c67268fd2d9ae00110c4d81,3841,AI,1550263956.2947977,Line1
1120,2,5c6726a2d2d9ae00110c4d86,3842,AI,1550263971.306101,Line1
1121,2,5c6726aed2d9ae00110c4d8a,503842,AI,1550263989.4502857,Line2
1122,2,5c6726dad2d9ae00110c4d97,503845,AI,1550264034.4745548,Line2
1123,2,5c6713c1d2d9ae00110c482d,3520,AI,1550259138.3251953,Line1
1124,2,5c672716d2d9ae00110c4da8,3850,AI,1550264091.3778358,Line1
1125,2,5c677025d2d9ae00110c6257,505095,AI,1550282795.4457102,Line2
1126,2,5c67353bd2d9ae00110c51a8,4091,AI,1550267708.670194,Line1
1127,2,5c672543d2d9ae00110c4d24,3819,AI,1550263626.1084404,Line1
1128,2,5c672770d2d9ae00110c4dc1,3856,AI,1550264181.4209616,Line1
1129,2,5c675278d2d9ae00110c59f1,504589,AI,1550275201.0207124,Line2
1130,2,5c67278ed2d9ae00110c4dca,503857,AI,1550264214.5820048,Line2
1131,2,5c66e342d2d9ae00110c3a72,502692,AI,1550246729.2477617,Line2
1132,2,5c66f17fd2d9ae00110c3e7b,502935,AI,1550250376.3384576,Line2
1133,2,5c672babd2d9ae00110c4ef1,3928,AI,1550265262.1861448,Line1
1134,2,5c6727f7d2d9ae00110c4de5,3865,AI,1550264316.5726418,Line1
1135,2,5c673de4d2d9ae00110c541d,504238,AI,1550269932.991442,Line2
1136,2,5c66d55bd2d9ae00110c3683,2456,AI,1550243168.8133423,Line1
1137,2,5c6727fed2d9ae00110c4de7,503864,AI,1550264319.6370795,Line2
1138,2,5c6735e7d2d9ae00110c51d9,4102,AI,1550267873.754875,Line1
1139,2,5c6706c8d2d9ae00110c4482,3299,AI,1550255821.2753346,Line1
1140,2,5c672825d2d9ae00110c4df4,503867,AI,1550264364.6525059,Line2
1141,2,5c672322d2d9ae00110c4c89,503781,AI,1550263073.9532743,Line2
1142,2,5c672842d2d9ae00110c4dfd,503869,AI,1550264394.672431,Line2
1143,2,5c6728abd2d9ae00110c4e1a,3877,AI,1550264496.7140958,Line1
1144,2,5c6715add2d9ae00110c48b9,503552,AI,1550259636.8625636,Line2
1145,2,5c672943d2d9ae00110c4e45,503886,AI,1550264649.8284128,Line2
1146,2,5c672950d2d9ae00110c4e49,3888,AI,1550264661.8224988,Line1
1147,2,5c673266d2d9ae00110c50da,4043,AI,1550266988.2806,Line1
1148,2,5c675dcad2d9ae00110c5d23,504782,AI,1550278097.6913946,Line2
1149,2,5c67557bd2d9ae00110c5acb,504640,AI,1550275966.4306922,Line2
1150,2,5c673949d2d9ae00110c52cd,504159,AI,1550268747.3276737,Line2
1151,2,5c672963d2d9ae00110c4e4d,3889,AI,1550264676.8251438,Line1
1152,2,5c67298cd2d9ae00110c4e5a,503891,AI,1550264724.8805883,Line2
1153,2,5c6729b9d2d9ae00110c4e65,3895,AI,1550264766.8746583,Line1
1154,2,5c6729c0d2d9ae00110c4e67,503894,AI,1550264769.9075074,Line2
1155,2,5c6729d1d2d9ae00110c4e6d,503895,AI,1550264784.914977,Line2
1156,2,5c66e5c4d2d9ae00110c3b29,2736,AI,1550247371.1852083,Line1
1157,2,5c6729e7d2d9ae00110c4e74,3898,AI,1550264811.917534,Line1
1158,2,5c672a40d2d9ae00110c4e8d,503903,AI,1550264904.9686651,Line2
1159,2,5c673465d2d9ae00110c516c,504076,AI,1550267501.5589707,Line2
1160,2,5c671065d2d9ae00110c473b,503462,AI,1550258285.9181445,Line2
1161,2,5c672a51d2d9ae00110c4e91,503904,AI,1550264919.9717715,Line2
1162,2,5c672ab2d2d9ae00110c4ead,503910,AI,1550265010.0116808,Line2
1163,2,5c672b30d2d9ae00110c4ed1,503919,AI,1550265145.0944147,Line2
1164,2,5c672b98d2d9ae00110c4eed,3927,AI,1550265247.1805103,Line1
1165,2,5c672ba0d2d9ae00110c4eef,503926,AI,1550265250.1511178,Line2
1166,2,5c672c4ed2d9ae00110c4f22,3939,AI,1550265427.2882843,Line1
1167,2,5c672c98d2d9ae00110c4f37,503943,AI,1550265505.2940862,Line2
1168,2,5c66f357d2d9ae00110c3eff,502966,AI,1550250841.616822,Line2
1169,2,5c670595d2d9ae00110c442b,3278,AI,1550255506.0306923,Line1
1170,2,5c672cf3d2d9ae00110c4f51,503949,AI,1550265595.3414304,Line2
1171,2,5c670375d2d9ae00110c4392,503241,AI,1550254969.0444756,Line2
1172,2,5c672dbad2d9ae00110c4f88,503962,AI,1550265790.4573705,Line2
1173,2,5c671a4ed2d9ae00110c4a09,3632,AI,1550260819.4406261,Line1
1174,2,5c672e1fd2d9ae00110c4fa6,3970,AI,1550265892.6524026,Line1
1175,2,5c66c798d2d9ae00110c329e,502220,AI,1550239645.456693,Line2
1176,2,5c670d14d2d9ae00110c464b,503405,AI,1550257430.3985345,Line2
1177,2,5c672e3dd2d9ae00110c4fae,3972,AI,1550265922.653838,Line1
1178,2,5c66ea0cd2d9ae00110c3c5f,2809,AI,1550248466.8066795,Line1
1179,2,5c672e5ad2d9ae00110c4fb7,503973,AI,1550265955.545397,Line2
1180,2,5c672f0ed2d9ae00110c4fea,503985,AI,1550266135.6563575,Line2
1181,2,5c67061cd2d9ae00110c444f,3287,AI,1550255641.15796,Line1
1182,2,5c672f4bd2d9ae00110c4ff9,3990,AI,1550266192.8276186,Line1
1183,2,5c67622fd2d9ae00110c5e64,4858,AI,1550279220.3866105,Line1
1184,2,5c6757ccd2d9ae00110c5b71,4680,AI,1550276548.8144345,Line1
1185,2,5c672f87d2d9ae00110c500c,503993,AI,1550266255.728806,Line2
1186,2,5c672febd2d9ae00110c5027,503999,AI,1550266345.779128,Line2
1187,2,5c673673d2d9ae00110c51ff,504111,AI,1550268026.8887956,Line2
1188,2,5c67302cd2d9ae00110c503a,4005,AI,1550266417.9667263,Line1
1189,2,5c674f21d2d9ae00110c58fe,4533,AI,1550274342.3175123,Line1
1190,2,5c673e6bd2d9ae00110c5441,4248,AI,1550270064.945574,Line1
1191,2,5c670c4ad2d9ae00110c4611,3393,AI,1550257232.1306221,Line1
1192,2,5c673067d2d9ae00110c504b,504008,AI,1550266480.8734524,Line2
1193,2,5c66dc27d2d9ae00110c3870,2572,AI,1550244909.8033342,Line1
1194,2,5c6730b3d2d9ae00110c5061,504013,AI,1550266555.918797,Line2
1195,2,5c67698bd2d9ae00110c6077,504982,AI,1550281099.4640105,Line2
1196,2,5c670997d2d9ae00110c454c,3347,AI,1550256541.760448,Line1
1197,2,5c67310dd2d9ae00110c507a,4020,AI,1550266643.0977693,Line1
1198,2,5c6731c0d2d9ae00110c50ad,504031,AI,1550266826.1595473,Line2
1199,2,5c6731eed2d9ae00110c50ba,4035,AI,1550266868.2154853,Line1
1200,2,5c673239d2d9ae00110c50cd,4040,AI,1550266943.2519195,Line1
1201,2,5c674d4fd2d9ae00110c587b,504501,AI,1550273880.236722,Line2
1202,2,5c6732a3d2d9ae00110c50ed,504046,AI,1550267051.3128781,Line2
1203,2,5c674aead2d9ae00110c57cc,504460,AI,1550273264.8908966,Line2
1204,2,5c66ffd5d2d9ae00110c4288,503179,AI,1550254038.5185368,Line2
1205,2,5c66c620d2d9ae00110c3232,2196,AI,1550239266.421036,Line1
1206,2,5c673348d2d9ae00110c511c,504057,AI,1550267216.379631,Line2
1207,2,5c675fe5d2d9ae00110c5dbe,4819,AI,1550278635.0144842,Line1
1208,2,5c67342fd2d9ae00110c515b,4073,AI,1550267438.528065,Line1
1209,2,5c672ea6d2d9ae00110c4fcc,503978,AI,1550266030.5934832,Line2
1210,2,5c67343bd2d9ae00110c5160,504073,AI,1550267456.5302467,Line2
1211,2,5c673483d2d9ae00110c5175,4079,AI,1550267528.575068,Line1
1212,2,5c6734fad2d9ae00110c5197,504086,AI,1550267651.657457,Line2
1213,2,5c66ec5ed2d9ae00110c3d07,2848,AI,1550249052.141002,Line1
1214,2,5c670855d2d9ae00110c44f0,503324,AI,1550256214.7461922,Line2
1215,2,5c67356bd2d9ae00110c51b5,504093,AI,1550267756.7465103,Line2
1216,2,5c671874d2d9ae00110c4981,503599,AI,1550260342.2766669,Line2
1217,2,5c67357cd2d9ae00110c51bb,504094,AI,1550267771.7468224,Line2
1218,2,5c66f350d2d9ae00110c3efd,2967,AI,1550250838.2233374,Line1
1219,2,5c673664d2d9ae00110c51fd,4111,AI,1550268008.8221135,Line1
1220,2,5c673826d2d9ae00110c527c,504140,AI,1550268462.139467,Line2
1221,2,5c66f143d2d9ae00110c3e6a,502931,AI,1550250316.294391,Line2
1222,2,5c6736b5d2d9ae00110c5214,4116,AI,1550268083.8487823,Line1
1223,2,5c6736c8d2d9ae00110c5217,4117,AI,1550268098.854204,Line1
1224,2,5c6755cfd2d9ae00110c5ae3,4647,AI,1550276053.5054023,Line1
1225,2,5c671cc6d2d9ae00110c4abc,503673,AI,1550261452.9264138,Line2
1226,2,5c673780d2d9ae00110c524e,504129,AI,1550268297.014789,Line2
1227,2,5c67326dd2d9ae00110c50dc,504042,AI,1550266991.2678556,Line2
1228,2,5c66ebdad2d9ae00110c3ce1,502838,AI,1550248920.4879594,Line2
1229,2,5c6737fcd2d9ae00110c5270,4138,AI,1550268414.0286467,Line1
1230,2,5c66fdb1d2d9ae00110c41ef,3144,AI,1550253494.8243423,Line1
1231,2,5c66da74d2d9ae00110c37f5,2543,AI,1550244474.5857675,Line1
1232,2,5c673810d2d9ae00110c5276,4139,AI,1550268429.0298185,Line1
1233,2,5c66c9fad2d9ae00110c3348,2262,AI,1550240257.031321,Line1
1234,2,5c67388ed2d9ae00110c529a,4148,AI,1550268564.1052334,Line1
